Category;Term;Count;List Total;Pop Hits;Pop Total;P-Value;Benjamini;Fold Enrichment;Bonferroni;FDR;Fisher Exact;User Ids
GOTERM_MF_DIRECT;protein binding;70;143;5655;24402;2.96E-11;1.08E-08;2.11;1.08E-08;1.07E-08;1.38E-11;ITGB5,NCF2,FHL2,TRP63,IRS2,RORA,LDLRAD3,AQP4,GRIK1,ARRB1,RND3,SOX2,RNF157,EDNRB,PPP1R13L,DPYSL5,BOC,PIEZO2,ITGAV,PHLDA1,WLS,SOX5,TEAD4,EDARADD,PRKCH,KLF13,TPM1,ADAM10,SLC39A10,FRMD4B,FOXP4,KLF15,CACNB2,TIAM1,KIFC3,PDZRN3,SKAP1,PELI2,HPCA,HIF1A,FBLN2,DLL1,FOXO1,SBNO2,WNT11,FIP1L1,NRIP1,HES1,ASIC2,FILIP1L,MEST,BCL9L,ABCA1,JAG2,UVRAG,JAG1,PTCH1,HMGA2,BMP7,DEF6,EFNA1,MEIS1,LIN28A,LHX1,PMP22,PLXNB2,CTNNB1,CNTN2,BMPR1B,FGFR3
GOTERM_BP_DIRECT;positive regulation of transcription by RNA polymerase II;29;144;1346;26481;6.80E-10;1.06E-06;3.96;1.06E-06;1.03E-06;1.68E-10;TRP63,RORA,ARRB1,DLL1,HIF1A,FOXO1,IRF2BPL,SOX2,SUPT20,SBNO2,NRIP1,HES1,SOX5,BCL9L,TEAD4,JAG1,KLF13,IRX3,HMGA2,TBX6,NR2F2,PPRC1,BMP7,KLF15,MEIS1,CTNNB1,HOXB1,BMPR1B,SKAP1
GOTERM_BP_DIRECT;positive regulation of DNA-templated transcription;21;144;813;26481;1.65E-08;1.04E-05;4.75;2.56E-05;1.01E-05;3.36E-09;TEAD4,RBPMS,PTCH1,CITED4,HMGA2,ARID5B,TRP63,RORA,NR2F2,TBX6,BMP7,KLF15,HIF1A,FOXO1,SOX2,SUPT20,WNT11,LHX1,CTNNB1,HES1,SKAP1
UP_SEQ_FEATURE;REGION:Disordered;116;143;13163;22331;1.67E-08;1.14E-05;1.38;1.14E-05;1.13E-05;1.20E-08;SLC35B3,TMEM200B,ZFAND3,NCF2,TMEM94,THUMPD2,TRP63,ZFP608,IRS2,AQP4,RORA,LDLRAD3,MSI2,FRY,SOX2,EDNRB,PIEZO2,NKX1-1,SIL1,PHLDA1,BAHCC1,SOX5,MYLIP,TPM1,TTC7B,KAZN,ARID5B,ADAM10,FRMD4B,FOXP4,DKK2,CACNB2,TIAM1,HOXB1,MYL9,SKAP1,PKDCC,NXPH3,HPCA,ZFP503,FBLN2,HIF1A,FOXO1,NKAIN1,SBNO2,ALX3,ASIC2,BCL9L,ABCA1,JAG2,UVRAG,HACE1,JAG1,PTCH1,PLK2,HMGA2,NR2F2,FANCE,BMP7,IBTK,LIN28A,LHX1,CNTN2,STT3B,BMPR1B,FGFR3,PLEKHF2,PTPRU,PHTF2,SLC44A1,CITED4,ARHGEF10L,ARRB1,WFDC2,IRF2BPL,RNF157,PPP1R13L,BOC,ITGAV,TEAD4,EDARADD,PLEKHG1,KLF13,SLC39A10,PPRC1,KLF15,AJAP1,ARL4C,MPPED1,DMRTA1,DSG2,KIFC3,PDZRN3,DSCAML1,PELI2,DLL1,SUPT20,LMAN1,FIP1L1,NRIP1,NNAT,HES1,FILIP1L,LY6G6E,OFCC1,GALNT2,TPBG,IRX3,TBX6,MERTK,DEF6,MPP7,MEIS1,PDE10A,CTNNB1,ENGASE
GOTERM_BP_DIRECT;regulation of transcription by RNA polymerase II;29;144;1571;26481;2.00E-08;1.04E-05;3.39;3.11E-05;1.01E-05;5.75E-09;FHL2,ZFP608,RORA,ARRB1,HIF1A,FOXO1,IRF2BPL,SOX2,SUPT20,PCBP3,PPP1R13L,NRIP1,ALX3,NKX1-1,HES1,SOX5,TEAD4,KLF13,IRX3,ARID5B,TBX6,NR2F2,FOXP4,KLF15,MEIS1,DMRTA1,LHX1,CTNNB1,HOXB1
GOTERM_BP_DIRECT;negative regulation of transcription by RNA polymerase II;22;144;1062;26481;2.79E-07;8.95E-05;3.81;4.34E-04;8.74E-05;7.14E-08;PTCH1,IRX3,FHL2,HMGA2,ARID5B,TRP63,ZFP608,NR2F2,TBX6,FOXP4,HIF1A,FOXO1,IRF2BPL,SOX2,EFNA1,EDNRB,PCBP3,PPP1R13L,NRIP1,CTNNB1,HES1,FGFR3
GOTERM_BP_DIRECT;negative regulation of neuron differentiation;8;144;81;26481;2.88E-07;8.95E-05;18.16;4.47E-04;8.74E-05;1.45E-08;SOX2,MEIS1,JAG1,IRX3,CNTN2,HES1,BMP7,DLL1
GOTERM_BP_DIRECT;neuron differentiation;11;144;232;26481;5.67E-07;1.47E-04;8.72;8.81E-04;1.44E-04;6.20E-08;SOX2,EFNA1,WNT11,DPYSL5,LHX1,IRX3,CTNNB1,HES1,LYPD6,BAHCC1,DLL1
GOTERM_BP_DIRECT;in utero embryonic development;13;144;366;26481;7.61E-07;1.69E-04;6.53;1.18E-03;1.65E-04;1.12E-07;JAG2,TEAD4,MBNL1,PTCH1,TPM1,ADAM10,NR2F2,DLL1,LMAN1,GNA12,CTNNB1,HES1,SOX5
UP_SEQ_FEATURE;COMPBIAS:Low complexity;55;143;4650;22331;1.87E-06;6.40E-04;1.85;1.28E-03;6.36E-04;9.98E-07;PHTF2,TMEM200B,ZFAND3,CITED4,TRP63,ZFP608,IRS2,RORA,LDLRAD3,ARHGEF10L,AQP4,MSI2,FRY,IRF2BPL,SOX2,RNF157,PPP1R13L,PIEZO2,NKX1-1,PHLDA1,BAHCC1,SOX5,TEAD4,MYLIP,PLEKHG1,KLF13,TTC7B,FRMD4B,FOXP4,PPRC1,AJAP1,CACNB2,TIAM1,DMRTA1,DSG2,KIFC3,PKDCC,ZFP503,HIF1A,FOXO1,SUPT20,FIP1L1,ALX3,HES1,ASIC2,BCL9L,OFCC1,UVRAG,PTCH1,TPBG,IRX3,TBX6,NR2F2,LHX1,FGFR3
UP_SEQ_FEATURE;CARBOHYD:N-linked (GlcNAc...) asparagine;47;143;3741;22331;3.52E-06;6.62E-04;1.96;2.40E-03;6.57E-04;1.76E-06;SLC35B3,PTPRU,PHTF2,PKDCC,CD83,ITGB5,NXPH3,TMEM94,GRIK1,LDLRAD3,AQP4,DLL1,LYPD6,FBLN2,NKAIN1,WNT11,EDNRB,BOC,PIEZO2,LIPM,ITGAV,ASIC2,MEST,SIL1,JAG2,ABCA1,CHST9,JAG1,GALNT2,PTCH1,GALNT1,TPBG,ADAM10,SLC39A10,MERTK,BMP7,DKK2,EFNA1,PMP22,PLXNB2,CNTN2,B3GNT2,ASPHD2,DSG2,STT3B,FGFR3,DSCAML1
UP_SEQ_FEATURE;COMPBIAS:Basic and acidic residues;66;143;6226;22331;3.88E-06;6.62E-04;1.66;2.65E-03;6.57E-04;2.31E-06;SLC35B3,PHTF2,SLC44A1,TMEM200B,ZFAND3,THUMPD2,TRP63,ZFP608,RORA,ARHGEF10L,ARRB1,RNF157,PIEZO2,ITGAV,PHLDA1,SIL1,BAHCC1,SOX5,EDARADD,PLEKHG1,KLF13,TPM1,ARID5B,ADAM10,KAZN,SLC39A10,FRMD4B,FOXP4,PPRC1,KLF15,AJAP1,CACNB2,TIAM1,DMRTA1,KIFC3,PDZRN3,DSCAML1,PKDCC,ZFP503,HPCA,HIF1A,FBLN2,DLL1,LMAN1,FIP1L1,NNAT,NRIP1,HES1,FILIP1L,LY6G6E,BCL9L,OFCC1,JAG2,GALNT2,PTCH1,HMGA2,TBX6,FANCE,DEF6,MEIS1,PDE10A,LHX1,CTNNB1,STT3B,FGFR3,ENGASE
GOTERM_BP_DIRECT;cell differentiation;17;144;779;26481;5.11E-06;9.45E-04;4.01;7.92E-03;9.23E-04;1.24E-06;JAG2,EDARADD,PRKCH,PKDCC,TRP63,NR2F2,HIF1A,FOXO1,WNT11,LHX1,GNA12,PMP22,CTNNB1,NKX1-1,BMPR1B,FGFR3,SOX5
GOTERM_BP_DIRECT;positive regulation of Notch signaling pathway;6;144;47;26481;5.47E-06;9.45E-04;23.48;8.47E-03;9.23E-04;2.08E-07;JAG2,SOX2,JAG1,TRP63,HES1,DLL1
GOTERM_CC_DIRECT;cell-cell junction;10;144;239;26676;6.02E-06;1.40E-03;7.75;1.40E-03;1.32E-03;7.42E-07;TIAM1,PTPRU,PRKCH,CTNNB1,AQP4,DSG2,DLL1,SKAP1,MPP7,DEF6
UP_KW_MOLECULAR_FUNCTION;Activator;19;102;701;12834;7.84E-06;3.68E-04;3.41;3.68E-04;3.68E-04;2.22E-06;TEAD4,KLF13,RBPMS,CITED4,ARID5B,TRP63,RORA,NR2F2,PPRC1,KLF15,HIF1A,FOXO1,SOX2,SBNO2,MEIS1,NRIP1,CTNNB1,BCL9L,SOX5
GOTERM_BP_DIRECT;negative regulation of canonical Wnt signaling pathway;8;144;141;26481;1.19E-05;1.80E-03;10.43;1.84E-02;1.76E-03;1.08E-06;SOX2,PTPRU,WNT11,TPBG,CTNNB1,MEST,FOXO1,DKK2
GOTERM_BP_DIRECT;positive regulation of cell population proliferation;15;144;654;26481;1.30E-05;1.80E-03;4.22;2.00E-02;1.76E-03;2.99E-06;HMGA2,TRP63,ADAM10,IRS2,ARRB1,DLL1,HIF1A,TIAM1,MEIS1,EDNRB,MAB21L1,CTNNB1,HES1,ITGAV,FGFR3
GOTERM_BP_DIRECT;positive regulation of cell differentiation;7;144;96;26481;1.39E-05;1.80E-03;13.41;2.13E-02;1.76E-03;9.66E-07;SOX2,JAG1,PPP1R13L,CTNNB1,BMP7,FGFR3,SOX5
GOTERM_BP_DIRECT;neuronal stem cell population maintenance;5;144;28;26481;1.51E-05;1.81E-03;32.84;2.32E-02;1.76E-03;3.94E-07;SOX2,JAG1,HES1,DLL1,FOXO1
GOTERM_BP_DIRECT;pattern specification process;6;144;61;26481;2.00E-05;2.22E-03;18.09;3.06E-02;2.17E-03;1.01E-06;LHX1,PTCH1,ALX3,TRP63,HES1,BMP7
UP_KW_MOLECULAR_FUNCTION;Developmental protein;23;102;1084;12834;2.84E-05;4.45E-04;2.67;1.33E-03;4.45E-04;1.03E-05;JAG2,EDARADD,JAG1,PKDCC,IRX3,TRP63,RORA,TBX6,BMP7,DLL1,DKK2,SOX2,SUPT20,MEIS1,WNT11,LHX1,MAB21L1,NNAT,ALX3,PLXNB2,ITGAV,HOXB1,WLS
UP_KW_MOLECULAR_FUNCTION;Developmental protein;23;102;1084;12834;2.84E-05;4.45E-04;2.67;1.33E-03;4.45E-04;1.03E-05;JAG2,EDARADD,JAG1,PKDCC,IRX3,TRP63,RORA,TBX6,BMP7,DLL1,DKK2,SOX2,SUPT20,MEIS1,WNT11,LHX1,MAB21L1,NNAT,ALX3,PLXNB2,ITGAV,HOXB1,WLS
GOTERM_BP_DIRECT;anatomical structure formation involved in morphogenesis;5;144;33;26481;2.95E-05;3.06E-03;27.86;4.49E-02;2.99E-03;9.31E-07;SOX2,LHX1,TRP63,HOXB1,BMP7
GOTERM_BP_DIRECT;odontogenesis of dentin-containing tooth;6;144;67;26481;3.16E-05;3.07E-03;16.47;4.79E-02;3.00E-03;1.77E-06;JAG2,EDARADD,CTNNB1,TRP63,BMP7,DLL1
GOTERM_MF_DIRECT;RNA polymerase II cis-regulatory region sequence-specific DNA binding;19;143;1080;24402;5.77E-05;1.05E-02;3;2.08E-02;1.04E-02;1.86E-05;TEAD4,KLF13,IRX3,TRP63,RORA,NR2F2,TBX6,FOXP4,KLF15,HIF1A,FOXO1,SOX2,MEIS1,DMRTA1,NRIP1,NKX1-1,HES1,HOXB1,SOX5
UP_KW_BIOLOGICAL_PROCESS;Transcription;34;89;2329;11926;6.44E-05;2.28E-03;1.96;2.96E-03;2.23E-03;3.21E-05;ZFP503,CITED4,FHL2,ZFP608,TRP63,RORA,ARRB1,HIF1A,FOXO1,SOX2,SBNO2,PPP1R13L,NRIP1,ALX3,HES1,SOX5,BCL9L,TEAD4,KLF13,HACE1,RBPMS,IRX3,HMGA2,ARID5B,TBX6,NR2F2,FOXP4,PPRC1,KLF15,MEIS1,DMRTA1,LHX1,CTNNB1,HOXB1
GOTERM_CC_DIRECT;adherens junction;8;144;188;26676;7.23E-05;8.39E-03;7.88;1.66E-02;7.95E-03;8.74E-06;JAG1,CTNNB1,ADAM10,FRMD4B,KIFC3,DLL1,MPP7,AJAP1
GOTERM_BP_DIRECT;cell fate commitment;6;144;84;26481;9.38E-05;8.41E-03;13.14;1.36E-01;8.22E-03;6.68E-06;SOX2,TEAD4,WNT11,HES1,DLL1,SOX5
GOTERM_BP_DIRECT;negative regulation of cell population proliferation;11;144;419;26481;9.74E-05;8.41E-03;4.83;1.41E-01;8.22E-03;1.94E-05;PTPRU,KLF13,PTCH1,TPBG,ZFP503,PMP22,CTNNB1,CYP1B1,BMP7,FGFR3,DLL1
UP_KW_BIOLOGICAL_PROCESS;Transcription regulation;33;89;2271;11926;9.91E-05;2.28E-03;1.95;4.55E-03;2.23E-03;4.97E-05;ZFP503,CITED4,FHL2,ZFP608,TRP63,RORA,ARRB1,HIF1A,FOXO1,SOX2,SBNO2,PPP1R13L,NRIP1,ALX3,HES1,SOX5,BCL9L,TEAD4,KLF13,HACE1,RBPMS,IRX3,HMGA2,ARID5B,TBX6,NR2F2,FOXP4,PPRC1,KLF15,DMRTA1,LHX1,CTNNB1,HOXB1
GOTERM_BP_DIRECT;regulation of DNA-templated transcription;22;144;1568;26481;1.07E-04;8.73E-03;2.58;1.53E-01;8.53E-03;4.01E-05;TEAD4,IRX3,CITED4,HMGA2,TRP63,RORA,ARRB1,NR2F2,TBX6,FOXP4,HIF1A,FOXO1,SOX2,SBNO2,MEIS1,PPP1R13L,LHX1,DMRTA1,ALX3,NKX1-1,HES1,HOXB1
GOTERM_BP_DIRECT;animal organ morphogenesis;7;144;141;26481;1.20E-04;9.35E-03;9.13;1.71E-01;9.13E-03;1.25E-05;MEIS1,JAG1,WNT11,PTCH1,TRP63,BMP7,DLL1
GOTERM_CC_DIRECT;nucleoplasm;40;144;4024;26676;1.21E-04;9.33E-03;1.84;2.76E-02;8.85E-03;6.40E-05;SLC44A1,TMEM94,TRP63,RORA,ARRB1,HIF1A,FOXO1,IRF2BPL,SOX2,FIP1L1,NRIP1,ALX3,HES1,PHLDA1,SOX5,BCL9L,TEAD4,PLEKHG1,MBNL1,RBPMS,PLK2,HMGA2,KAZN,TBX6,NR2F2,FANCE,FOXP4,PPRC1,KLF15,MPP7,DEF6,TIAM1,ARL4A,IBTK,MEIS1,LHX1,PADI3,CTNNB1,HOXB1,SKAP1
GOTERM_BP_DIRECT;somatic stem cell population maintenance;5;144;48;26481;1.32E-04;9.77E-03;19.16;1.85E-01;9.54E-03;6.29E-06;SOX2,HMGA2,HES1,FGFR3,BCL9L
GOTERM_MF_DIRECT;DNA-binding transcription factor activity;14;143;668;24402;1.48E-04;1.79E-02;3.58;5.27E-02;1.77E-02;4.00E-05;TEAD4,TRP63,RORA,NR2F2,TBX6,FOXP4,KLF15,HIF1A,FOXO1,SOX2,LHX1,ALX3,HOXB1,SOX5
GOTERM_BP_DIRECT;regulation of neurogenesis;5;144;51;26481;1.67E-04;1.18E-02;18.03;2.29E-01;1.16E-02;8.52E-06;SOX2,CTNNB1,HES1,DLL1,MEST
GOTERM_MF_DIRECT;DNA-binding transcription factor activity, RNA polymerase II-specific;18;143;1085;24402;1.96E-04;1.79E-02;2.83;6.92E-02;1.77E-02;6.71E-05;TEAD4,KLF13,IRX3,TRP63,RORA,TBX6,KLF15,HIF1A,FOXO1,SOX2,MEIS1,LHX1,DMRTA1,ALX3,NKX1-1,HES1,HOXB1,SOX5
KEGG_PATHWAY;Axon guidance;8;76;181;11151;2.07E-04;1.79E-02;6.49;3.14E-02;1.70E-02;3.04E-05;EFNA1,DPYSL5,PTCH1,BOC,PLXNB2,BMPR1B,BMP7,MYL9
INTERPRO;DSL;3;146;4;22338;2.49E-04;1.17E-01;114.75;1.32E-01;1.17E-01;1.09E-06;JAG2,JAG1,DLL1
GOTERM_MF_DIRECT;sequence-specific DNA binding;12;143;527;24402;2.69E-04;1.96E-02;3.89;9.35E-02;1.94E-02;6.67E-05;SOX2,TEAD4,MEIS1,DMRTA1,TRP63,HES1,RORA,NR2F2,HOXB1,FOXP4,HIF1A,FOXO1
KEGG_PATHWAY;Pathways in cancer;13;76;549;11151;2.74E-04;1.79E-02;3.47;4.13E-02;1.70E-02;7.60E-05;JAG2,JAG1,PTCH1,DLL1,HIF1A,FOXO1,WNT11,EDNRB,GNA12,CTNNB1,HES1,ITGAV,FGFR3
GOTERM_BP_DIRECT;nervous system development;10;144;390;26481;2.80E-04;1.89E-02;4.72;3.53E-01;1.85E-02;5.71E-05;MYLIP,MBNL1,BOC,PMP22,GRIK1,NR2F2,MERTK,LYPD6,DLL1,IRF2BPL
UP_KW_CELLULAR_COMPONENT;Cell junction;12;136;441;19217;2.87E-04;7.16E-03;3.84;7.14E-03;7.16E-03;7.15E-05;TIAM1,PTPRU,CTNNB1,KAZN,ADAM10,DSG2,ITGAV,FRMD4B,KIFC3,DLL1,MPP7,AJAP1
GOTERM_BP_DIRECT;cell-cell adhesion;8;144;235;26481;2.98E-04;1.90E-02;6.26;3.71E-01;1.86E-02;4.56E-05;ITGB5,BOC,CTNNB1,CNTN2,AQP4,DSG2,ITGAV,BMP7
GOTERM_BP_DIRECT;osteoblast differentiation;6;144;108;26481;3.05E-04;1.90E-02;10.22;3.78E-01;1.86E-02;2.83E-05;SOX2,WNT11,FHL2,CTNNB1,BMPR1B,BMP7
GOTERM_CC_DIRECT;cytoplasm;57;144;6900;26676;3.28E-04;1.90E-02;1.53;7.32E-02;1.80E-02;2.10E-04;CERK,NCF2,CITED4,FHL2,TRP63,IRS2,ARHGEF10L,AQP4,ARRB1,MSI2,FRY,SOX2,RNF157,PPP1R13L,DPYSL5,PHLDA1,WLS,TEAD4,EDARADD,MYLIP,MBNL1,PRKCH,TPM1,ADAM10,FRMD4B,ARL4C,TIAM1,ARL4A,PADI3,DSG2,PDZRN3,MYL9,SKAP1,HPCA,HIF1A,LYPD6,FOXO1,WNT11,PCBP3,NNAT,GNA12,HES1,FILIP1L,OFCC1,UVRAG,HACE1,RBPMS,PLK2,TPBG,IRX3,MERTK,DEF6,MPP7,IBTK,LIN28A,CTNNB1,ENGASE
GOTERM_BP_DIRECT;cell development;5;144;61;26481;3.35E-04;2.00E-02;15.07;4.06E-01;1.96E-02;2.07E-05;JAG1,IRX3,ARID5B,TRP63,BMP7
KEGG_PATHWAY;Signaling pathways regulating pluripotency of stem cells;7;76;140;11151;3.48E-04;1.79E-02;7.34;5.22E-02;1.70E-02;4.49E-05;SOX2,MEIS1,WNT11,CTNNB1,HOXB1,BMPR1B,FGFR3
UP_SEQ_FEATURE;DOMAIN:DSL;3;143;5;22331;3.97E-04;5.42E-02;93.7;2.37E-01;5.38E-02;2.55E-06;JAG2,JAG1,DLL1
GOTERM_BP_DIRECT;brain development;8;144;247;26481;4.02E-04;2.32E-02;5.96;4.65E-01;2.26E-02;6.47E-05;SOX2,MEIS1,PTCH1,NNAT,CNTN2,PLXNB2,IRS2,DSCAML1
INTERPRO;Notch_ligand_N;3;146;5;22338;4.13E-04;1.17E-01;91.8;2.09E-01;1.17E-01;2.71E-06;JAG2,JAG1,DLL1
SMART;DSL;3;95;4;10959;4.32E-04;4.49E-02;86.52;4.39E-02;4.49E-02;2.51E-06;JAG2,JAG1,DLL1
GOTERM_BP_DIRECT;eye development;5;144;66;26481;4.53E-04;2.52E-02;13.93;5.06E-01;2.46E-02;3.04E-05;SOX2,MEIS1,MAB21L1,BMPR1B,BMP7
UP_KW_BIOLOGICAL_PROCESS;Notch signaling pathway;5;89;49;11926;4.55E-04;6.98E-03;13.67;2.07E-02;6.83E-03;3.04E-05;JAG2,JAG1,TRP63,ADAM10,DLL1
UP_SEQ_FEATURE;DOMAIN:EGF-like 7;;;;;;;;;;;
GOTERM_BP_DIRECT;Notch signaling pathway;6;144;127;26481;6.41E-04;3.44E-02;8.69;6.31E-01;3.36E-02;7.02E-05;JAG2,JAG1,TRP63,ADAM10,HES1,DLL1
GOTERM_BP_DIRECT;inner ear development;5;144;75;26481;7.36E-04;3.82E-02;12.26;6.82E-01;3.73E-02;5.64E-05;SOX2,JAG1,HPCA,FGFR3,DLL1
GOTERM_BP_DIRECT;axon guidance;7;144;200;26481;7.80E-04;3.91E-02;6.44;7.03E-01;3.82E-02;1.16E-04;EFNA1,DPYSL5,BOC,CNTN2,B3GNT2,BMP7,DSCAML1
GOTERM_CC_DIRECT;nucleus;53;144;6478;26676;8.11E-04;2.97E-02;1.52;1.72E-01;2.82E-02;5.23E-04;CITED4,THUMPD2,FHL2,TRP63,ZFP608,RORA,ARHGEF10L,ARRB1,IRF2BPL,SOX2,PPP1R13L,NKX1-1,PHLDA1,WLS,SOX5,TEAD4,MBNL1,KLF13,ARID5B,KAZN,FOXP4,PPRC1,KLF15,ARL4A,DMRTA1,PADI3,HOXB1,SKAP1,ZFP503,HIF1A,DLL1,FOXO1,SBNO2,FIP1L1,PCBP3,NRIP1,ALX3,HES1,FILIP1L,BCL9L,HACE1,RBPMS,PLK2,IRX3,HMGA2,TBX6,NR2F2,DEF6,MEIS1,LIN28A,MAB21L1,LHX1,CTNNB1
GOTERM_CC_DIRECT;chromatin;11;144;553;26676;8.24E-04;2.97E-02;3.68;1.74E-01;2.82E-02;2.15E-04;SOX2,PLK2,NRIP1,HMGA2,TRP63,HES1,ARRB1,TBX6,FANCE,HIF1A,FOXO1
GOTERM_CC_DIRECT;cytosol;42;144;4745;26676;8.96E-04;2.97E-02;1.64;1.88E-01;2.82E-02;5.33E-04;SLC44A1,NCF2,PELI2,HPCA,IRS2,ARHGEF10L,ARRB1,MSI2,HIF1A,RND3,FOXO1,SOX2,PPP1R13L,DPYSL5,GNA12,NRIP1,ITGAV,KCNN4,WLS,JAG2,OFCC1,PLEKHG1,MBNL1,PRKCH,RBPMS,TPM1,TTC7B,KAZN,NR2F2,FOXP4,DEF6,ARL4C,TIAM1,ARL4A,IBTK,LIN28A,PDE10A,PADI3,CTNNB1,PDZRN3,SKAP1,ENGASE
UP_KW_CELLULAR_COMPONENT;Cell membrane;45;136;4005;19217;9.28E-04;1.16E-02;1.59;2.29E-02;1.16E-02;5.70E-04;PTPRU,CERK,SLC44A1,ITGB5,GRIK1,LDLRAD3,AQP4,ARRB1,DLL1,LYPD6,NKAIN1,EDNRB,GNA12,PIEZO2,ITGAV,KCNN4,ASIC2,LY6G6E,WLS,ABCA1,MYLIP,JAG1,PTCH1,TPBG,TTC7B,ADAM10,SLC39A10,MERTK,MPP7,DEF6,AJAP1,EFNA1,ARL4C,CACNB2,TIAM1,ARL4A,PMP22,PLXNB2,CTNNB1,CNTN2,DSG2,BMPR1B,FGFR3,DSCAML1,SKAP1
UP_SEQ_FEATURE;COMPBIAS:Polar residues;54;143;5655;22331;1.01E-03;9.88E-02;1.49;4.99E-01;9.81E-02;6.64E-04;PLEKHF2,PHTF2,ZFAND3,CITED4,TRP63,ZFP608,IRS2,MSI2,FRY,WFDC2,IRF2BPL,RNF157,EDNRB,BOC,NKX1-1,PHLDA1,SIL1,BAHCC1,SOX5,EDARADD,PLEKHG1,TPM1,ARID5B,KAZN,SLC39A10,FRMD4B,FOXP4,PPRC1,DKK2,CACNB2,TIAM1,MPPED1,DMRTA1,DSG2,HOXB1,PDZRN3,DSCAML1,PELI2,ZFP503,HIF1A,FBLN2,FOXO1,SUPT20,FIP1L1,NRIP1,BCL9L,JAG1,PTCH1,PLK2,DEF6,IBTK,MEIS1,PDE10A,LHX1
GOTERM_BP_DIRECT;positive regulation of osteoblast differentiation;5;144;82;26481;1.03E-03;5.00E-02;11.21;7.98E-01;4.88E-02;8.64E-05;JAG1,CTNNB1,TRP63,BMPR1B,BMP7
GOTERM_BP_DIRECT;midbrain development;4;144;39;26481;1.22E-03;5.76E-02;18.86;8.51E-01;5.63E-02;5.95E-05;CTNNB1,HES1,FGFR3,WLS
UP_SEQ_FEATURE;COMPBIAS:Pro residues;23;143;1719;22331;1.26E-03;1.08E-01;2.09;5.78E-01;1.07E-01;5.83E-04;TEAD4,KLF13,PKDCC,IRX3,ZFP608,IRS2,ARHGEF10L,NR2F2,PPRC1,FOXO1,IRF2BPL,RNF157,FIP1L1,PPP1R13L,LHX1,BOC,NKX1-1,HES1,PHLDA1,BAHCC1,FGFR3,DSCAML1,BCL9L
GOTERM_BP_DIRECT;cell adhesion;11;144;582;26481;1.28E-03;5.85E-02;3.48;8.63E-01;5.71E-02;3.53E-04;ITGB5,BOC,PMP22,CTNNB1,CYP1B1,CNTN2,HES1,DSG2,ITGAV,DSCAML1,AJAP1
GOTERM_BP_DIRECT;blood vessel morphogenesis;4;144;40;26481;1.32E-03;5.85E-02;18.39;8.71E-01;5.71E-02;6.58E-05;MEIS1,CYP1B1,NR2F2,HIF1A
GOTERM_CC_DIRECT;transcription regulator complex;8;144;306;26676;1.35E-03;3.92E-02;4.84;2.69E-01;3.72E-02;2.67E-04;SOX2,TEAD4,MEIS1,LHX1,CTNNB1,FOXP4,HIF1A,SOX5
GOTERM_BP_DIRECT;regulation of cell population proliferation;7;144;225;26481;1.43E-03;6.17E-02;5.72;8.92E-01;6.03E-02;2.39E-04;JAG2,JAG1,PTCH1,CTNNB1,HIF1A,FGFR3,FOXO1
GOTERM_MF_DIRECT;transcription coactivator activity;8;143;285;24402;1.43E-03;8.72E-02;4.79;4.08E-01;8.62E-02;2.86E-04;RBPMS,NRIP1,CITED4,CTNNB1,ARID5B,ARRB1,PPRC1,BCL9L
GOTERM_BP_DIRECT;positive regulation of apoptotic process;9;144;398;26481;1.48E-03;6.23E-02;4.16;9.00E-01;6.08E-02;3.42E-04;WNT11,CTNNB1,CYP1B1,TRP63,ADAM10,PHLDA1,BMP7,HIF1A,FOXO1
GOTERM_BP_DIRECT;cell fate specification;4;144;43;26481;1.62E-03;6.65E-02;17.11;9.20E-01;6.49E-02;8.78E-05;SOX2,TEAD4,CTNNB1,TBX6
GOTERM_CC_DIRECT;plasma membrane;52;144;6543;26676;1.86E-03;4.81E-02;1.47;3.51E-01;4.56E-02;1.24E-03;PTPRU,CD83,CERK,ITGB5,SLC44A1,IRS2,LDLRAD3,AQP4,GRIK1,ARRB1,RND3,EDNRB,BOC,PIEZO2,ITGAV,WLS,MYLIP,PRKCH,TTC7B,ADAM10,SLC39A10,AJAP1,ARL4C,CACNB2,TIAM1,ARL4A,DSG2,DSCAML1,SKAP1,FBLN2,DLL1,LYPD6,NKAIN1,GNA12,KCNN4,ASIC2,LY6G6E,ABCA1,JAG2,JAG1,PTCH1,TPBG,MERTK,DEF6,MPP7,EFNA1,PMP22,PLXNB2,CTNNB1,CNTN2,BMPR1B,FGFR3
GOTERM_BP_DIRECT;positive regulation of bone mineralization;4;144;46;26481;1.97E-03;7.87E-02;15.99;9.54E-01;7.69E-02;1.15E-04;PKDCC,BMPR1B,BMP7,FGFR3
GOTERM_BP_DIRECT;negative regulation of cell differentiation;6;144;166;26481;2.11E-03;8.21E-02;6.65;9.63E-01;8.02E-02;3.03E-04;SOX2,JAG1,CTNNB1,HES1,FGFR3,DLL1
GOTERM_BP_DIRECT;cell-matrix adhesion;5;144;102;26481;2.30E-03;8.73E-02;9.01;9.72E-01;8.52E-02;2.42E-04;TIAM1,ITGB5,CTNNB1,CNTN2,ITGAV
KEGG_PATHWAY;Proteoglycans in cancer;7;76;204;11151;2.46E-03;7.86E-02;5.03;3.15E-01;7.50E-02;4.65E-04;TIAM1,WNT11,ITGB5,PTCH1,CTNNB1,ITGAV,HIF1A
KEGG_PATHWAY;Arrhythmogenic right ventricular cardiomyopathy;5;76;86;11151;2.64E-03;7.86E-02;8.53;3.35E-01;7.50E-02;2.92E-04;CACNB2,ITGB5,CTNNB1,DSG2,ITGAV
KEGG_PATHWAY;Breast cancer;6;76;147;11151;3.06E-03;7.86E-02;5.99;3.76E-01;7.50E-02;4.85E-04;JAG2,JAG1,WNT11,CTNNB1,HES1,DLL1
GOTERM_BP_DIRECT;epithelial to mesenchymal transition;4;144;54;26481;3.13E-03;1.13E-01;13.62;9.92E-01;1.10E-01;2.15E-04;WNT11,SLC39A10,HMGA2,HIF1A
GOTERM_BP_DIRECT;dorsal/ventral pattern formation;4;144;54;26481;3.13E-03;1.13E-01;13.62;9.92E-01;1.10E-01;2.15E-04;LHX1,PTCH1,CTNNB1,BMPR1B
GOTERM_CC_DIRECT;neuronal cell body;11;144;668;26676;3.29E-03;7.64E-02;3.05;5.35E-01;7.25E-02;1.03E-03;TIAM1,PDE10A,DPYSL5,GNA12,BOC,CNTN2,ADAM10,GRIK1,KCNN4,BMPR1B,ASIC2
GOTERM_BP_DIRECT;embryonic organ development;4;144;55;26481;3.29E-03;1.16E-01;13.37;9.94E-01;1.14E-01;2.31E-04;SOX2,TEAD4,PTCH1,CTNNB1
UP_SEQ_FEATURE;DOMAIN:EGF-like 11;;;;;;;;;;;
GOTERM_BP_DIRECT;lens morphogenesis in camera-type eye;3;144;17;26481;3.73E-03;1.29E-01;32.45;9.97E-01;1.26E-01;1.01E-04;MEIS1,CTNNB1,FGFR3
UP_SEQ_FEATURE;TOPO_DOM:Cytoplasmic;35;143;3381;22331;3.79E-03;2.59E-01;1.62;9.25E-01;2.57E-01;2.27E-03;PTPRU,CD83,SLC44A1,ITGB5,TMEM94,GRIK1,LDLRAD3,AQP4,DLL1,LMAN1,EDNRB,BOC,PIEZO2,ITGAV,ASIC2,WLS,JAG2,CHST9,JAG1,GALNT2,PTCH1,GALNT1,TPBG,ADAM10,MERTK,AJAP1,PMP22,PLXNB2,B3GNT2,ASPHD2,DSG2,STT3B,BMPR1B,FGFR3,DSCAML1
GOTERM_BP_DIRECT;kidney development;6;144;192;26481;3.94E-03;1.33E-01;5.75;9.98E-01;1.30E-01;6.54E-04;WNT11,LHX1,IRX3,CTNNB1,ARID5B,BMP7
KEGG_PATHWAY;Hippo signaling pathway;6;76;158;11151;4.17E-03;8.14E-02;5.57;4.74E-01;7.77E-02;7.10E-04;SOX2,TEAD4,WNT11,CTNNB1,BMPR1B,BMP7
GOTERM_MF_DIRECT;DNA-binding transcription activator activity, RNA polymerase II-specific;10;143;538;24402;4.33E-03;1.94E-01;3.17;7.95E-01;1.92E-01;1.30E-03;SOX2,TEAD4,MEIS1,KLF13,IRX3,TRP63,HOXB1,HIF1A,KLF15,FOXO1
GOTERM_BP_DIRECT;bone mineralization;4;144;61;26481;4.41E-03;1.45E-01;12.06;9.99E-01;1.42E-01;3.44E-04;SBNO2,PKDCC,WNT11,FGFR3
GOTERM_BP_DIRECT;negative regulation of apoptotic process;11;144;693;26481;4.48E-03;1.45E-01;2.92;9.99E-01;1.42E-01;1.47E-03;RNF157,EDNRB,PLK2,FHL2,CTNNB1,HMGA2,DSG2,ARRB1,ASIC2,HIF1A,FOXO1
GOTERM_MF_DIRECT;metal ion binding;21;143;1825;24402;4.55E-03;1.94E-01;1.96;8.10E-01;1.92E-01;2.23E-03;PLEKHF2,MBNL1,ITGB5,INPP1,GALNT2,GALNT1,TRP63,ADAM10,ARL4C,LMAN1,ARL4A,PDE10A,LHX1,DMRTA1,MAB21L1,GNA12,ASPHD2,ITGAV,STT3B,BMPR1B,DSCAML1
GOTERM_BP_DIRECT;cell fate determination;3;144;19;26481;4.66E-03;1.48E-01;29.04;9.99E-01;1.45E-01;1.43E-04;JAG2,PTCH1,CTNNB1
KEGG_PATHWAY;Cytoskeleton in muscle cells;7;76;233;11151;4.73E-03;8.14E-02;4.41;5.18E-01;7.77E-02;1.02E-03;ITGB5,TPM1,FHL2,DSG2,ITGAV,FBLN2,MYL9
KEGG_PATHWAY;Efferocytosis;6;76;163;11151;4.76E-03;8.14E-02;5.4;5.20E-01;7.77E-02;8.36E-04;ABCA1,ITGB5,ADAM10,ITGAV,MERTK,HIF1A
UP_KW_PTM;Lipoprotein;17;120;930;14135;4.89E-03;8.31E-02;2.15;7.54E-02;8.31E-02;2.17E-03;ABCA1,SLC44A1,HPCA,LDLRAD3,AQP4,LYPD6,RND3,EFNA1,ARL4C,RNF157,TIAM1,ARL4A,WNT11,EDNRB,GNA12,CNTN2,DSG2
GOTERM_MF_DIRECT;beta-catenin binding;5;143;118;24402;5.05E-03;1.94E-01;7.23;8.43E-01;1.92E-01;6.63E-04;PTPRU,RORA,FOXO1,BCL9L,AJAP1
GOTERM_BP_DIRECT;inner ear auditory receptor cell differentiation;3;144;20;26481;5.16E-03;1.61E-01;27.58;1.00E+00;1.57E-01;1.68E-04;JAG2,JAG1,DLL1
GOTERM_BP_DIRECT;embryonic limb morphogenesis;4;144;65;26481;5.27E-03;1.61E-01;11.32;1.00E+00;1.57E-01;4.39E-04;MBNL1,PTCH1,TRP63,BMP7
GOTERM_MF_DIRECT;DNA binding;21;143;1851;24402;5.31E-03;1.94E-01;1.94;8.57E-01;1.92E-01;2.64E-03;TEAD4,KLF13,ZFAND3,IRX3,HMGA2,ARID5B,TRP63,RORA,NR2F2,TBX6,FOXP4,KLF15,HIF1A,FOXO1,SOX2,MEIS1,LHX1,ALX3,NKX1-1,HES1,HOXB1
GOTERM_BP_DIRECT;angiogenesis;7;144;297;26481;5.62E-03;1.65E-01;4.33;1.00E+00;1.61E-01;1.24E-03;EFNA1,MEIS1,CTNNB1,CYP1B1,ITGAV,RORA,HIF1A
GOTERM_BP_DIRECT;digestive tract morphogenesis;3;144;21;26481;5.69E-03;1.65E-01;26.27;1.00E+00;1.61E-01;1.95E-04;TRP63,HIF1A,FGFR3
GOTERM_BP_DIRECT;outflow tract morphogenesis;4;144;67;26481;5.74E-03;1.65E-01;10.98;1.00E+00;1.61E-01;4.93E-04;WNT11,CTNNB1,HES1,HIF1A
UP_SEQ_FEATURE;LIPID:N-myristoyl glycine;6;143;181;22331;6.07E-03;3.48E-01;5.18;9.84E-01;3.46E-01;1.11E-03;ARL4C,RNF157,TIAM1,ARL4A,SLC44A1,HPCA
UP_SEQ_FEATURE;COMPBIAS:Basic residues;26;143;2326;22331;6.12E-03;3.48E-01;1.75;9.85E-01;3.46E-01;3.38E-03;PHTF2,TMEM200B,NXPH3,TMEM94,ZFP608,FOXO1,RNF157,SUPT20,SBNO2,FIP1L1,PIEZO2,PHLDA1,BAHCC1,HMGA2,ARID5B,SLC39A10,FRMD4B,PPRC1,MPP7,CACNB2,TIAM1,IBTK,STT3B,KIFC3,MYL9,DSCAML1
GOTERM_BP_DIRECT;positive regulation of chondrocyte differentiation;3;144;22;26481;6.23E-03;1.76E-01;25.08;1.00E+00;1.72E-01;2.25E-04;PKDCC,BMPR1B,SOX5
GOTERM_BP_DIRECT;skeletal system development;5;144;136;26481;6.41E-03;1.77E-01;6.76;1.00E+00;1.73E-01;9.02E-04;JAG2,PKDCC,CTNNB1,TRP63,BMP7
GOTERM_BP_DIRECT;regulation of gene expression;9;144;508;26481;6.48E-03;1.77E-01;3.26;1.00E+00;1.73E-01;1.90E-03;SOX2,JAG1,LHX1,PMP22,CTNNB1,HMGA2,RORA,HIF1A,KLF15
INTERPRO;PH-like_dom_sf;9;146;424;22338;6.58E-03;1.00E+00;3.25;9.77E-01;1.00E+00;1.93E-03;PLEKHF2,TIAM1,MYLIP,PLEKHG1,ARHGEF10L,IRS2,FRMD4B,SKAP1,DEF6
GOTERM_BP_DIRECT;regulation of epithelial cell proliferation;3;144;23;26481;6.80E-03;1.77E-01;23.99;1.00E+00;1.73E-01;2.57E-04;EDNRB,HES1,FGFR3
GOTERM_BP_DIRECT;hindbrain development;3;144;23;26481;6.80E-03;1.77E-01;23.99;1.00E+00;1.73E-01;2.57E-04;CTNNB1,BMP7,WLS
GOTERM_BP_DIRECT;negative regulation of gene expression;8;144;408;26481;6.84E-03;1.77E-01;3.61;1.00E+00;1.73E-01;1.81E-03;LIN28A,ZFP503,PMP22,CTNNB1,ADAM10,HES1,HIF1A,FGFR3
GOTERM_CC_DIRECT;cell surface;12;144;864;26676;6.96E-03;1.47E-01;2.57;8.02E-01;1.39E-01;2.58E-03;ABCA1,ITGB5,BOC,PMP22,CNTN2,ADAM10,DSG2,ITGAV,LY6G6E,FGFR3,DSCAML1,AJAP1
GOTERM_MF_DIRECT;RNA polymerase II-specific DNA-binding transcription factor binding;6;143;205;24402;7.07E-03;2.14E-01;4.99;9.25E-01;2.12E-01;1.35E-03;SOX2,CTNNB1,HMGA2,HES1,TBX6,HIF1A
UP_SEQ_FEATURE;DOMAIN:PH;7;143;266;22331;7.19E-03;3.78E-01;4.11;9.93E-01;3.75E-01;1.66E-03;PLEKHF2,TIAM1,PLEKHG1,IRS2,PHLDA1,SKAP1,DEF6
GOTERM_MF_DIRECT;sequence-specific double-stranded DNA binding;10;143;584;24402;7.29E-03;2.14E-01;2.92;9.31E-01;2.12E-01;2.38E-03;KLF13,LHX1,IRX3,DMRTA1,ALX3,HES1,TBX6,HOXB1,KLF15,SOX5
GOTERM_BP_DIRECT;anterior/posterior axis specification;3;144;24;26481;7.39E-03;1.85E-01;22.99;1.00E+00;1.81E-01;2.93E-04;LHX1,CTNNB1,WLS
GOTERM_BP_DIRECT;stress fiber assembly;3;144;24;26481;7.39E-03;1.85E-01;22.99;1.00E+00;1.81E-01;2.93E-04;ITGB5,ARRB1,MYL9
INTERPRO;PH_domain;7;146;263;22338;7.51E-03;1.00E+00;4.07;9.86E-01;1.00E+00;1.75E-03;PLEKHF2,TIAM1,PLEKHG1,IRS2,PHLDA1,SKAP1,DEF6
GOTERM_MF_DIRECT;transcription corepressor binding;4;143;69;24402;7.64E-03;2.14E-01;9.89;9.39E-01;2.12E-01;7.28E-04;CTNNB1,HES1,RORA,HIF1A
GOTERM_BP_DIRECT;epithelial tube branching involved in lung morphogenesis;3;144;25;26481;8.01E-03;1.98E-01;22.07;1.00E+00;1.93E-01;3.32E-04;SOX2,CTNNB1,HMGA2
UP_SEQ_FEATURE;DOMAIN:EGF-like 6;;;;;;;;;;;
GOTERM_BP_DIRECT;negative regulation of cellular senescence;3;144;26;26481;8.65E-03;2.09E-01;21.22;1.00E+00;2.04E-01;3.74E-04;PLK2,HMGA2,TRP63
KEGG_PATHWAY;Notch signaling pathway;4;76;63;11151;8.69E-03;1.34E-01;9.32;7.39E-01;1.28E-01;8.75E-04;JAG2,JAG1,HES1,DLL1
GOTERM_BP_DIRECT;positive regulation of cell adhesion;4;144;78;26481;8.73E-03;2.09E-01;9.43;1.00E+00;2.04E-01;8.76E-04;TPM1,DSG2,ITGAV,SKAP1
GOTERM_MF_DIRECT;Notch binding;3;143;25;24402;9.24E-03;2.41E-01;20.48;9.66E-01;2.38E-01;4.12E-04;JAG2,JAG1,DLL1
GOTERM_CC_DIRECT;cytoplasmic vesicle;8;144;438;26676;9.52E-03;1.63E-01;3.38;8.91E-01;1.54E-01;2.68E-03;PLEKHF2,RNF157,UVRAG,ARRB1,PHLDA1,FGFR3,DLL1,WLS
GOTERM_CC_DIRECT;cell junction;6;144;241;26676;9.79E-03;1.63E-01;4.61;8.98E-01;1.54E-01;2.02E-03;TIAM1,PPP1R13L,CTNNB1,AQP4,DSG2,MPP7
GOTERM_CC_DIRECT;lateral plasma membrane;4;144;82;26676;9.81E-03;1.63E-01;9.04;8.98E-01;1.54E-01;1.03E-03;GNA12,CTNNB1,DSG2,MPP7
UP_SEQ_FEATURE;DOMAIN:Fibronectin type-III 1;5;143;131;22331;9.87E-03;4.22E-01;5.96;9.99E-01;4.18E-01;1.57E-03;PTPRU,BOC,CNTN2,MERTK,DSCAML1
UP_SEQ_FEATURE;DOMAIN:Fibronectin type-III 2;5;143;131;22331;9.87E-03;4.22E-01;5.96;9.99E-01;4.18E-01;1.57E-03;PTPRU,BOC,CNTN2,MERTK,DSCAML1
GOTERM_BP_DIRECT;proximal/distal pattern formation;3;144;28;26481;9.98E-03;2.28E-01;19.7;1.00E+00;2.23E-01;4.67E-04;CTNNB1,TRP63,DLL1
GOTERM_BP_DIRECT;positive regulation of neuroblast proliferation;3;144;28;26481;9.98E-03;2.28E-01;19.7;1.00E+00;2.23E-01;4.67E-04;SOX2,CTNNB1,HIF1A
GOTERM_BP_DIRECT;positive regulation of sprouting angiogenesis;3;144;28;26481;9.98E-03;2.28E-01;19.7;1.00E+00;2.23E-01;4.67E-04;DSG2,HIF1A,DLL1
GOTERM_BP_DIRECT;endodermal cell differentiation;3;144;29;26481;1.07E-02;2.33E-01;19.02;1.00E+00;2.27E-01;5.19E-04;ITGB5,HMGA2,ITGAV
GOTERM_BP_DIRECT;adrenal gland development;3;144;29;26481;1.07E-02;2.33E-01;19.02;1.00E+00;2.27E-01;5.19E-04;WNT11,HMGA2,ARID5B
GOTERM_CC_DIRECT;integrin alphav-beta5 complex;2;144;2;26676;1.07E-02;1.63E-01;185.25;9.17E-01;1.55E-01;2.89E-05;ITGB5,ITGAV
UP_KW_PTM;Phosphoprotein;81;120;7988;14135;1.08E-02;9.14E-02;1.19;1.59E-01;9.14E-02;8.85E-03;PLEKHF2,PTPRU,CERK,ITGB5,SLC44A1,NCF2,TMEM94,FHL2,ZFP608,IRS2,RORA,ARHGEF10L,AQP4,GRIK1,ARRB1,MSI2,FRY,IRF2BPL,SOX2,EDNRB,PPP1R13L,DPYSL5,PIEZO2,SOX5,PLEKHG1,MBNL1,PRKCH,KLF13,TPM1,TTC7B,ARID5B,ADAM10,KAZN,SLC39A10,FRMD4B,FOXP4,PPRC1,CACNB2,TIAM1,DSG2,KIFC3,PDZRN3,MYL9,SKAP1,PKDCC,INPP1,PELI2,ZFP503,HIF1A,DLL1,FOXO1,SUPT20,LMAN1,FIP1L1,GNA12,NRIP1,KCNN4,ASIC2,FILIP1L,BCL9L,ABCA1,JAG2,UVRAG,RBPMS,GALNT2,PTCH1,PLK2,TPBG,IRX3,HMGA2,NR2F2,MERTK,DEF6,MPP7,IBTK,LIN28A,LHX1,PLXNB2,CTNNB1,STT3B,FGFR3
GOTERM_BP_DIRECT;Purkinje myocyte development;2;144;2;26481;1.08E-02;2.33E-01;183.9;1.00E+00;2.27E-01;2.94E-05;IRX3,DSG2
GOTERM_BP_DIRECT;cloacal septation;2;144;2;26481;1.08E-02;2.33E-01;183.9;1.00E+00;2.27E-01;2.94E-05;WNT11,TRP63
GOTERM_BP_DIRECT;positive regulation of MAPK cascade;6;144;246;26481;1.09E-02;2.33E-01;4.49;1.00E+00;2.28E-01;2.32E-03;SOX2,EFNA1,PELI2,CTNNB1,ARRB1,FGFR3
GOTERM_CC_DIRECT;integrin complex;3;144;30;26676;1.13E-02;1.63E-01;18.52;9.28E-01;1.55E-01;5.62E-04;ITGB5,PMP22,ITGAV
GOTERM_BP_DIRECT;positive regulation of vascular endothelial growth factor production;3;144;30;26481;1.14E-02;2.40E-01;18.39;1.00E+00;2.34E-01;5.74E-04;CYP1B1,RORA,HIF1A
GOTERM_BP_DIRECT;cell-cell signaling;4;144;89;26481;1.25E-02;2.59E-01;8.26;1.00E+00;2.53E-01;1.43E-03;WNT11,LHX1,FGFR3,DLL1
UP_SEQ_FEATURE;DOMAIN:EGF-like 2;;;;;;;;;;;
UP_SEQ_FEATURE;DOMAIN:Protein jagged-1/2 predicted ferredoxin-like;2;143;2;22331;1.27E-02;4.65E-01;156.16;1.00E+00;4.61E-01;4.07E-05;JAG2,JAG1
GOTERM_BP_DIRECT;canonical Wnt signaling pathway;4;144;90;26481;1.29E-02;2.61E-01;8.17;1.00E+00;2.55E-01;1.49E-03;EDNRB,WNT11,CTNNB1,BCL9L
GOTERM_BP_DIRECT;intracellular glucose homeostasis;3;144;32;26481;1.29E-02;2.61E-01;17.24;1.00E+00;2.55E-01;6.96E-04;ARRB1,HIF1A,KLF15
INTERPRO;JAG1_1/2_dom;2;146;2;22338;1.29E-02;1.00E+00;153;9.99E-01;1.00E+00;4.24E-05;JAG2,JAG1
INTERPRO;Jagged/Serrate;2;146;2;22338;1.29E-02;1.00E+00;153;9.99E-01;1.00E+00;4.24E-05;JAG2,JAG1
GOTERM_BP_DIRECT;protein localization to plasma membrane;5;144;169;26481;1.35E-02;2.69E-01;5.44;1.00E+00;2.62E-01;2.35E-03;CACNB2,PTCH1,TPBG,TTC7B,SKAP1
UP_SEQ_FEATURE;TOPO_DOM:Extracellular;26;143;2489;22331;1.39E-02;4.65E-01;1.63;1.00E+00;4.61E-01;8.15E-03;PTPRU,CD83,ITGB5,GRIK1,LDLRAD3,AQP4,DLL1,EDNRB,BOC,PIEZO2,ITGAV,ASIC2,JAG2,ABCA1,JAG1,PTCH1,TPBG,ADAM10,MERTK,AJAP1,PMP22,PLXNB2,DSG2,BMPR1B,FGFR3,DSCAML1
UP_SEQ_FEATURE;DOMAIN:Ig-like C2-type 2;5;143;146;22331;1.42E-02;4.65E-01;5.35;1.00E+00;4.61E-01;2.52E-03;BOC,CNTN2,MERTK,FGFR3,DSCAML1
GOTERM_BP_DIRECT;negative regulation of neuron projection development;4;144;94;26481;1.45E-02;2.79E-01;7.83;1.00E+00;2.72E-01;1.75E-03;MYLIP,PMP22,HES1,TBX6
GOTERM_BP_DIRECT;embryonic pattern specification;3;144;34;26481;1.45E-02;2.79E-01;16.23;1.00E+00;2.72E-01;8.33E-04;MEIS1,LHX1,BMP7
GOTERM_BP_DIRECT;positive regulation of gluconeogenesis;3;144;34;26481;1.45E-02;2.79E-01;16.23;1.00E+00;2.72E-01;8.33E-04;SUPT20,HIF1A,FOXO1
UP_SEQ_FEATURE;DOMAIN:Ig-like C2-type 1;5;143;147;22331;1.45E-02;4.65E-01;5.31;1.00E+00;4.61E-01;2.59E-03;BOC,CNTN2,MERTK,FGFR3,DSCAML1
GOTERM_MF_DIRECT;protein domain specific binding;7;143;340;24402;1.48E-02;3.59E-01;3.51;9.96E-01;3.55E-01;3.99E-03;CACNB2,TRP63,IRS2,HOXB1,HIF1A,MPP7,AJAP1
GOTERM_CC_DIRECT;membrane;45;144;6036;26676;1.49E-02;2.03E-01;1.38;9.69E-01;1.93E-01;1.05E-02;SLC35B3,PTPRU,PHTF2,CD83,CERK,SLC44A1,TMEM200B,NCF2,PELI2,HPCA,GRIK1,LDLRAD3,AQP4,DLL1,LYPD6,LMAN1,EDNRB,BOC,PIEZO2,ITGAV,KCNN4,ASIC2,FILIP1L,LY6G6E,JAG2,ABCA1,CHST9,JAG1,PTCH1,ADAM10,SLC39A10,MERTK,MPP7,EFNA1,IBTK,PMP22,CTNNB1,B3GNT2,ASPHD2,DSG2,STT3B,BMPR1B,FGFR3,PDZRN3,DSCAML1
UP_SEQ_FEATURE;DOMAIN:Fibronectin type-III 3;4;143;81;22331;1.50E-02;4.65E-01;7.71;1.00E+00;4.61E-01;1.83E-03;PTPRU,BOC,CNTN2,DSCAML1
GOTERM_BP_DIRECT;embryonic hindlimb morphogenesis;3;144;35;26481;1.53E-02;2.79E-01;15.76;1.00E+00;2.73E-01;9.07E-04;ALX3,CTNNB1,TRP63
GOTERM_BP_DIRECT;negative regulation of neurogenesis;3;144;35;26481;1.53E-02;2.79E-01;15.76;1.00E+00;2.73E-01;9.07E-04;CTNNB1,HES1,BMP7
GOTERM_BP_DIRECT;multicellular organism growth;5;144;177;26481;1.57E-02;2.79E-01;5.19;1.00E+00;2.73E-01;2.87E-03;PKDCC,PPP1R13L,PMP22,HMGA2,ARID5B
GOTERM_BP_DIRECT;negative regulation of DNA-templated transcription;10;144;715;26481;1.58E-02;2.79E-01;2.57;1.00E+00;2.73E-01;5.83E-03;SBNO2,LHX1,PTCH1,ZFP503,CTNNB1,HMGA2,TRP63,HES1,BMP7,SOX5
GOTERM_BP_DIRECT;loop of Henle development;2;144;3;26481;1.61E-02;2.79E-01;122.6;1.00E+00;2.73E-01;8.78E-05;JAG1,DLL1
GOTERM_BP_DIRECT;oviduct development;2;144;3;26481;1.61E-02;2.79E-01;122.6;1.00E+00;2.73E-01;8.78E-05;LHX1,CTNNB1
GOTERM_BP_DIRECT;lateral inhibition;2;144;3;26481;1.61E-02;2.79E-01;122.6;1.00E+00;2.73E-01;8.78E-05;HES1,DLL1
GOTERM_BP_DIRECT;neural fold elevation formation;2;144;3;26481;1.61E-02;2.79E-01;122.6;1.00E+00;2.73E-01;8.78E-05;BMP7,HIF1A
GOTERM_BP_DIRECT;positive regulation of gene expression;9;144;598;26481;1.62E-02;2.79E-01;2.77;1.00E+00;2.73E-01;5.54E-03;JAG1,PMP22,CTNNB1,HMGA2,HES1,BMPR1B,BMP7,HIF1A,DLL1
GOTERM_BP_DIRECT;embryonic forelimb morphogenesis;3;144;37;26481;1.70E-02;2.91E-01;14.91;1.00E+00;2.85E-01;1.07E-03;ALX3,CTNNB1,TRP63
GOTERM_BP_DIRECT;cartilage development;4;144;101;26481;1.75E-02;2.94E-01;7.28;1.00E+00;2.87E-01;2.28E-03;BMP7,HIF1A,FGFR3,SOX5
GOTERM_BP_DIRECT;vasculature development;3;144;38;26481;1.79E-02;2.94E-01;14.52;1.00E+00;2.87E-01;1.16E-03;CTNNB1,HIF1A,DLL1
GOTERM_BP_DIRECT;positive regulation of multicellular organismal process;3;144;38;26481;1.79E-02;2.94E-01;14.52;1.00E+00;2.87E-01;1.16E-03;BMP7,HIF1A,FGFR3
GOTERM_BP_DIRECT;forebrain development;4;144;102;26481;1.80E-02;2.94E-01;7.21;1.00E+00;2.87E-01;2.36E-03;SOX2,CTNNB1,NR2F2,FGFR3
GOTERM_MF_DIRECT;signaling receptor binding;8;143;459;24402;1.81E-02;4.13E-01;2.97;9.99E-01;4.09E-01;5.77E-03;ABCA1,WNT11,ITGB5,NXPH3,NRIP1,CTNNB1,ARRB1,ITGAV
UP_SEQ_FEATURE;DOMAIN:EGF-like 5;;;;;;;;;;;
GOTERM_BP_DIRECT;female gonad development;3;144;39;26481;1.88E-02;3.00E-01;14.15;1.00E+00;2.93E-01;1.25E-03;ARID5B,TRP63,NR2F2
GOTERM_BP_DIRECT;cochlea development;3;144;39;26481;1.88E-02;3.00E-01;14.15;1.00E+00;2.93E-01;1.25E-03;ADAM10,HES1,FGFR3
GOTERM_BP_DIRECT;response to estradiol;4;144;104;26481;1.89E-02;3.00E-01;7.07;1.00E+00;2.93E-01;2.53E-03;PTCH1,CTNNB1,NR2F2,BMP7
GOTERM_BP_DIRECT;fat cell differentiation;4;144;105;26481;1.94E-02;3.04E-01;7.01;1.00E+00;2.97E-01;2.62E-03;HMGA2,CNTN2,ARID5B,MEST
GOTERM_CC_DIRECT;ruffle membrane;4;144;106;26676;1.95E-02;2.42E-01;6.99;9.90E-01;2.30E-01;2.64E-03;TIAM1,TPM1,ITGAV,KCNN4
KEGG_PATHWAY;MicroRNAs in cancer;7;76;318;11151;1.99E-02;2.63E-01;3.23;9.55E-01;2.51E-01;5.83E-03;EFNA1,TPM1,HMGA2,CYP1B1,TRP63,IRS2,FGFR3
GOTERM_CC_DIRECT;synapse;11;144;878;26676;2.01E-02;2.42E-01;2.32;9.91E-01;2.30E-01;8.21E-03;TIAM1,PDE10A,DPYSL5,CTNNB1,CNTN2,GRIK1,ASIC2,LYPD6,LY6G6E,DSCAML1,PDZRN3
KEGG_PATHWAY;Regulation of actin cytoskeleton;6;76;234;11151;2.05E-02;2.63E-01;3.76;9.59E-01;2.51E-01;5.15E-03;TIAM1,ITGB5,GNA12,ITGAV,MYL9,FGFR3
GOTERM_BP_DIRECT;mesoderm formation;3;144;41;26481;2.07E-02;3.17E-01;13.46;1.00E+00;3.10E-01;1.44E-03;TBX6,BMP7,WLS
GOTERM_CC_DIRECT;Golgi membrane;9;144;632;26676;2.09E-02;2.42E-01;2.64;9.93E-01;2.30E-01;7.49E-03;SLC35B3,CHST9,LMAN1,HACE1,GALNT2,B3GNT2,ADAM10,RND3,WLS
INTERPRO;EGF-type_Asp/Asn_hydroxyl_site;4;146;90;22338;2.09E-02;1.00E+00;6.8;1.00E+00;1.00E+00;2.90E-03;JAG2,JAG1,FBLN2,DLL1
UP_KW_PTM;Myristate;6;120;188;14135;2.13E-02;1.21E-01;3.76;2.92E-01;1.21E-01;5.34E-03;ARL4C,RNF157,TIAM1,ARL4A,SLC44A1,HPCA
GOTERM_BP_DIRECT;auditory receptor cell fate commitment;2;144;4;26481;2.14E-02;3.17E-01;91.95;1.00E+00;3.10E-01;1.75E-04;JAG2,DLL1
GOTERM_BP_DIRECT;comma-shaped body morphogenesis;2;144;4;26481;2.14E-02;3.17E-01;91.95;1.00E+00;3.10E-01;1.75E-04;LHX1,HES1
GOTERM_BP_DIRECT;regulation of secondary heart field cardioblast proliferation;2;144;4;26481;2.14E-02;3.17E-01;91.95;1.00E+00;3.10E-01;1.75E-04;CTNNB1,HES1
GOTERM_BP_DIRECT;negative regulation of inner ear auditory receptor cell differentiation;2;144;4;26481;2.14E-02;3.17E-01;91.95;1.00E+00;3.10E-01;1.75E-04;HES1,DLL1
GOTERM_BP_DIRECT;regulation of timing of neuron differentiation;2;144;4;26481;2.14E-02;3.17E-01;91.95;1.00E+00;3.10E-01;1.75E-04;HES1,SOX5
GOTERM_BP_DIRECT;negative regulation of Notch signaling pathway;3;144;42;26481;2.17E-02;3.18E-01;13.14;1.00E+00;3.10E-01;1.55E-03;ARRB1,BMP7,DLL1
GOTERM_BP_DIRECT;retina development in camera-type eye;4;144;110;26481;2.19E-02;3.18E-01;6.69;1.00E+00;3.11E-01;3.10E-03;LHX1,BMPR1B,MERTK,DLL1
SMART;PH;7;95;255;10959;2.22E-02;1.00E+00;3.17;9.03E-01;1.00E+00;6.61E-03;PLEKHF2,TIAM1,PLEKHG1,IRS2,PHLDA1,SKAP1,DEF6
GOTERM_CC_DIRECT;axonal growth cone;3;144;44;26676;2.33E-02;2.49E-01;12.63;9.96E-01;2.36E-01;1.73E-03;TIAM1,PTCH1,BOC
GOTERM_BP_DIRECT;positive regulation of neuron differentiation;4;144;113;26481;2.35E-02;3.38E-01;6.51;1.00E+00;3.30E-01;3.41E-03;SOX2,LIN28A,IRX3,BMP7
GOTERM_CC_DIRECT;postsynaptic membrane;6;144;302;26676;2.36E-02;2.49E-01;3.68;9.96E-01;2.36E-01;6.07E-03;PTCH1,CTNNB1,CNTN2,ADAM10,GRIK1,ARRB1
GOTERM_BP_DIRECT;metanephros development;3;144;45;26481;2.46E-02;3.51E-01;12.26;1.00E+00;3.43E-01;1.89E-03;LHX1,IRX3,BMP7
UP_SEQ_FEATURE;DOMAIN:Ig-like C2-type 3;4;143;98;22331;2.47E-02;7.03E-01;6.37;1.00E+00;6.98E-01;3.66E-03;BOC,CNTN2,FGFR3,DSCAML1
GOTERM_MF_DIRECT;miRNA binding;3;143;42;24402;2.49E-02;5.34E-01;12.19;1.00E+00;5.28E-01;1.91E-03;SOX2,LIN28A,FGFR3
INTERPRO;EGF_Ca-bd_CS;4;146;97;22338;2.54E-02;1.00E+00;6.31;1.00E+00;1.00E+00;3.79E-03;JAG2,JAG1,FBLN2,DLL1
GOTERM_CC_DIRECT;basolateral plasma membrane;6;144;311;26676;2.64E-02;2.66E-01;3.57;9.98E-01;2.52E-01;6.97E-03;ABCA1,CTNNB1,AQP4,ARRB1,KCNN4,AJAP1
GOTERM_BP_DIRECT;negative regulation of neuron maturation;2;144;5;26481;2.67E-02;3.71E-01;73.56;1.00E+00;3.62E-01;2.91E-04;EDNRB,TBX6
GOTERM_BP_DIRECT;apolipoprotein A-I-mediated signaling pathway;2;144;5;26481;2.67E-02;3.71E-01;73.56;1.00E+00;3.62E-01;2.91E-04;ABCA1,ITGAV
GOTERM_BP_DIRECT;bone trabecula morphogenesis;2;144;5;26481;2.67E-02;3.71E-01;73.56;1.00E+00;3.62E-01;2.91E-04;SBNO2,FGFR3
UP_SEQ_FEATURE;ZN_FING:C2H2-type;3;143;41;22331;2.80E-02;7.37E-01;11.43;1.00E+00;7.32E-01;2.29E-03;ZFP503,ZFP608,FOXP4
UP_SEQ_FEATURE;CROSSLNK:Glycyl lysine isopeptide (Lys-Gly) (interchain with G-Cter in SUMO);4;143;103;22331;2.81E-02;7.37E-01;6.06;1.00E+00;7.32E-01;4.37E-03;SOX2,TRP63,RORA,HIF1A
KEGG_PATHWAY;Hypertrophic cardiomyopathy;4;76;100;11151;2.97E-02;3.36E-01;5.87;9.90E-01;3.20E-01;4.77E-03;CACNB2,ITGB5,TPM1,ITGAV
UP_KW_BIOLOGICAL_PROCESS;Cell adhesion;9;89;496;11926;2.97E-02;2.79E-01;2.43;7.51E-01;2.73E-01;1.15E-02;PTPRU,ITGB5,BOC,CTNNB1,CNTN2,DSG2,ITGAV,DSCAML1,AJAP1
UP_KW_BIOLOGICAL_PROCESS;Osteogenesis;3;89;37;11926;3.03E-02;2.79E-01;10.86;7.58E-01;2.73E-01;2.60E-03;SBNO2,PKDCC,BMP7
INTERPRO;HD;6;146;267;22338;3.04E-02;1.00E+00;3.44;1.00E+00;1.00E+00;8.32E-03;MEIS1,LHX1,IRX3,ALX3,NKX1-1,HOXB1
GOTERM_BP_DIRECT;substrate adhesion-dependent cell spreading;3;144;51;26481;3.11E-02;4.21E-01;10.82;1.00E+00;4.11E-01;2.71E-03;EFNA1,ITGAV,MERTK
GOTERM_BP_DIRECT;anterior/posterior pattern specification;4;144;127;26481;3.16E-02;4.21E-01;5.79;1.00E+00;4.11E-01;5.17E-03;LHX1,HES1,NR2F2,HOXB1
INTERPRO;Homeobox_CS;5;146;183;22338;3.16E-02;1.00E+00;4.18;1.00E+00;1.00E+00;7.12E-03;LHX1,IRX3,ALX3,NKX1-1,HOXB1
GOTERM_MF_DIRECT;nuclear receptor binding;3;143;48;24402;3.19E-02;6.41E-01;10.67;1.00E+00;6.34E-01;2.81E-03;NRIP1,CTNNB1,HIF1A
GOTERM_BP_DIRECT;cardiac neural crest cell development involved in outflow tract morphogenesis;2;144;6;26481;3.20E-02;4.21E-01;61.3;1.00E+00;4.11E-01;4.34E-04;JAG1,HES1
GOTERM_BP_DIRECT;ureteric bud morphogenesis;2;144;6;26481;3.20E-02;4.21E-01;61.3;1.00E+00;4.11E-01;4.34E-04;WNT11,HES1
GOTERM_BP_DIRECT;S-shaped body morphogenesis;2;144;6;26481;3.20E-02;4.21E-01;61.3;1.00E+00;4.11E-01;4.34E-04;LHX1,HES1
GOTERM_BP_DIRECT;regulation of voltage-gated calcium channel activity;2;144;6;26481;3.20E-02;4.21E-01;61.3;1.00E+00;4.11E-01;4.34E-04;CACNB2,HPCA
KEGG_PATHWAY;Dilated cardiomyopathy;4;76;103;11151;3.20E-02;3.36E-01;5.7;9.93E-01;3.20E-01;5.30E-03;CACNB2,ITGB5,TPM1,ITGAV
GOTERM_BP_DIRECT;branching involved in ureteric bud morphogenesis;3;144;52;26481;3.22E-02;4.21E-01;10.61;1.00E+00;4.11E-01;2.86E-03;LHX1,PTCH1,CTNNB1
KEGG_PATHWAY;Human papillomavirus infection;7;76;357;11151;3.27E-02;3.36E-01;2.88;9.94E-01;3.20E-01;1.07E-02;JAG1,WNT11,ITGB5,CTNNB1,HES1,ITGAV,FOXO1
GOTERM_BP_DIRECT;positive regulation of canonical Wnt signaling pathway;4;144;129;26481;3.29E-02;4.27E-01;5.7;1.00E+00;4.17E-01;5.46E-03;LYPD6,FGFR3,DKK2,WLS
GOTERM_BP_DIRECT;positive regulation of intracellular signal transduction;3;144;53;26481;3.33E-02;4.29E-01;10.41;1.00E+00;4.19E-01;3.02E-03;EFNA1,ARRB1,ITGAV
UP_KW_DOMAIN;Homeobox;6;114;239;15097;3.38E-02;3.00E-01;3.32;4.23E-01;2.81E-01;9.54E-03;MEIS1,LHX1,IRX3,ALX3,NKX1-1,HOXB1
GOTERM_CC_DIRECT;anchoring junction;4;144;132;26676;3.43E-02;3.31E-01;5.61;1.00E+00;3.14E-01;5.77E-03;TIAM1,PTPRU,CTNNB1,KAZN
GOTERM_BP_DIRECT;cell migration;6;144;332;26481;3.45E-02;4.35E-01;3.32;1.00E+00;4.25E-01;9.78E-03;EFNA1,TIAM1,ITGB5,HES1,ITGAV,MERTK
GOTERM_MF_DIRECT;transcription corepressor activity;5;143;211;24402;3.51E-02;6.41E-01;4.04;1.00E+00;6.34E-01;8.18E-03;NRIP1,FHL2,HMGA2,TBX6,IRF2BPL
GOTERM_BP_DIRECT;negative regulation of cell adhesion;3;144;55;26481;3.57E-02;4.35E-01;10.03;1.00E+00;4.25E-01;3.36E-03;PLXNB2,ADAM10,DSCAML1
GOTERM_BP_DIRECT;cell maturation;3;144;55;26481;3.57E-02;4.35E-01;10.03;1.00E+00;4.25E-01;3.36E-03;CTNNB1,HES1,FANCE
GOTERM_MF_DIRECT;protein phosphatase binding;4;143;124;24402;3.59E-02;6.41E-01;5.5;1.00E+00;6.34E-01;6.16E-03;CTNNB1,IRS2,KCNN4,SKAP1
GOTERM_CC_DIRECT;signaling receptor complex;5;144;231;26676;3.61E-02;3.35E-01;4.01;1.00E+00;3.17E-01;8.48E-03;ITGB5,GRIK1,BMPR1B,MERTK,FGFR3
GOTERM_BP_DIRECT;chondrocyte differentiation;3;144;56;26481;3.69E-02;4.35E-01;9.85;1.00E+00;4.25E-01;3.54E-03;HMGA2,BMPR1B,SOX5
GOTERM_BP_DIRECT;negative regulation of fat cell differentiation;3;144;56;26481;3.69E-02;4.35E-01;9.85;1.00E+00;4.25E-01;3.54E-03;JAG1,RORA,FOXO1
GOTERM_BP_DIRECT;cell communication;3;144;56;26481;3.69E-02;4.35E-01;9.85;1.00E+00;4.25E-01;3.54E-03;JAG2,JAG1,DLL1
GOTERM_BP_DIRECT;stem cell differentiation;3;144;56;26481;3.69E-02;4.35E-01;9.85;1.00E+00;4.25E-01;3.54E-03;SOX2,LIN28A,HMGA2
GOTERM_BP_DIRECT;response to retinoic acid;3;144;56;26481;3.69E-02;4.35E-01;9.85;1.00E+00;4.25E-01;3.54E-03;SOX2,PTCH1,MEST
GOTERM_MF_DIRECT;nuclear estrogen receptor binding;3;143;52;24402;3.69E-02;6.41E-01;9.84;1.00E+00;6.34E-01;3.53E-03;NRIP1,CTNNB1,ARRB1
GOTERM_BP_DIRECT;regulation of developmental growth;2;144;7;26481;3.72E-02;4.35E-01;52.54;1.00E+00;4.25E-01;6.06E-04;FGFR3,DLL1
GOTERM_BP_DIRECT;positive regulation of phospholipase activity;2;144;7;26481;3.72E-02;4.35E-01;52.54;1.00E+00;4.25E-01;6.06E-04;HPCA,FGFR3
GOTERM_BP_DIRECT;mesonephric duct development;2;144;7;26481;3.72E-02;4.35E-01;52.54;1.00E+00;4.25E-01;6.06E-04;WNT11,LHX1
GOTERM_BP_DIRECT;positive regulation of B cell receptor signaling pathway;2;144;7;26481;3.72E-02;4.35E-01;52.54;1.00E+00;4.25E-01;6.06E-04;PRKCH,SLC39A10
GOTERM_BP_DIRECT;positive regulation of epithelial to mesenchymal transition;3;144;57;26481;3.81E-02;4.42E-01;9.68;1.00E+00;4.32E-01;3.72E-03;CTNNB1,BMP7,BCL9L
GOTERM_MF_DIRECT;DNA-binding transcription repressor activity, RNA polymerase II-specific;6;143;318;24402;3.86E-02;6.41E-01;3.22;1.00E+00;6.34E-01;1.13E-02;IRX3,HES1,NR2F2,TBX6,FOXP4,FOXO1
GOTERM_CC_DIRECT;protein-containing complex;11;144;989;26676;4.06E-02;3.62E-01;2.06;1.00E+00;3.43E-01;1.85E-02;UVRAG,DPYSL5,LHX1,TPM1,CTNNB1,TRP63,AQP4,HES1,STT3B,HIF1A,SKAP1
GOTERM_BP_DIRECT;negative regulation of Wnt signaling pathway;3;144;59;26481;4.06E-02;4.64E-01;9.35;1.00E+00;4.53E-01;4.10E-03;SOX2,HMGA2,DKK2
GOTERM_BP_DIRECT;embryonic skeletal system morphogenesis;3;144;59;26481;4.06E-02;4.64E-01;9.35;1.00E+00;4.53E-01;4.10E-03;ALX3,HOXB1,DSCAML1
GOTERM_MF_DIRECT;identical protein binding;20;143;2135;24402;4.12E-02;6.54E-01;1.6;1.00E+00;6.47E-01;2.44E-02;PTPRU,RBPMS,TPM1,HPCA,FHL2,TRP63,AQP4,GRIK1,MSI2,FOXP4,CACNB2,LMAN1,PPP1R13L,DMRTA1,PADI3,HES1,KIFC3,FGFR3,SIL1,WLS
GOTERM_BP_DIRECT;negative regulation of endothelial cell differentiation;2;144;8;26481;4.24E-02;4.81E-01;45.97;1.00E+00;4.70E-01;8.05E-04;JAG1,DSG2
SMART;FN3;5;95;153;10959;4.24E-02;1.00E+00;3.77;9.89E-01;1.00E+00;1.05E-02;PTPRU,BOC,CNTN2,MERTK,DSCAML1
GOTERM_BP_DIRECT;cellular response to interleukin-1;3;144;61;26481;4.31E-02;4.85E-01;9.04;1.00E+00;4.74E-01;4.50E-03;HES1,RORA,HIF1A
GOTERM_MF_DIRECT;SMAD binding;3;143;57;24402;4.36E-02;6.63E-01;8.98;1.00E+00;6.56E-01;4.58E-03;CTNNB1,HMGA2,BMPR1B
GOTERM_BP_DIRECT;positive regulation of phosphatidylinositol 3-kinase/protein kinase B signal transduction;5;144;244;26481;4.36E-02;4.88E-01;3.77;1.00E+00;4.77E-01;1.09E-02;LIN28A,TPBG,IRS2,MERTK,FGFR3
GOTERM_BP_DIRECT;morphogenesis of an epithelium;3;144;62;26481;4.44E-02;4.93E-01;8.9;1.00E+00;4.81E-01;4.71E-03;JAG2,JAG1,FGFR3
UP_KW_PTM;Glycoprotein;49;120;4604;14135;4.47E-02;1.90E-01;1.25;5.19E-01;1.90E-01;3.44E-02;SLC35B3,PHTF2,PTPRU,CD83,ITGB5,TMEM94,LDLRAD3,AQP4,GRIK1,EDNRB,BOC,PIEZO2,LIPM,ITGAV,SIL1,WLS,CHST9,ADAM10,SLC39A10,DKK2,B3GNT2,ASPHD2,DSG2,DSCAML1,PKDCC,NXPH3,FBLN2,DLL1,LYPD6,NKAIN1,WNT11,ASIC2,MEST,ABCA1,JAG2,JAG1,GALNT2,PTCH1,GALNT1,TPBG,MERTK,BMP7,EFNA1,PMP22,PLXNB2,CTNNB1,CNTN2,STT3B,FGFR3
GOTERM_CC_DIRECT;protein-DNA complex;3;144;63;26676;4.51E-02;3.77E-01;8.82;1.00E+00;3.58E-01;4.83E-03;TEAD4,CTNNB1,HMGA2
GOTERM_BP_DIRECT;regulation of apoptotic process;5;144;247;26481;4.53E-02;4.99E-01;3.72;1.00E+00;4.88E-01;1.14E-02;ALX3,CTNNB1,TRP63,ARRB1,FGFR3
GOTERM_CC_DIRECT;perinuclear region of cytoplasm;10;144;872;26676;4.55E-02;3.77E-01;2.12;1.00E+00;3.58E-01;2.01E-02;JAG2,OFCC1,ABCA1,GALNT2,PTCH1,GALNT1,PMP22,CTNNB1,FGFR3,DEF6
GOTERM_BP_DIRECT;protein O-linked glycosylation;3;144;63;26481;4.57E-02;5.00E-01;8.76;1.00E+00;4.88E-01;4.93E-03;GALNT2,GALNT1,B3GNT2
INTERPRO;FN3_dom;5;146;207;22338;4.59E-02;1.00E+00;3.7;1.00E+00;1.00E+00;1.17E-02;PTPRU,BOC,CNTN2,MERTK,DSCAML1
UP_SEQ_FEATURE;DOMAIN:SH3;5;143;212;22331;4.67E-02;1.00E+00;3.68;1.00E+00;9.94E-01;1.19E-02;CACNB2,NCF2,PPP1R13L,SKAP1,MPP7
KEGG_PATHWAY;Thyroid hormone signaling pathway;4;76;120;11151;4.69E-02;4.52E-01;4.89;9.99E-01;4.31E-01;9.02E-03;CTNNB1,ITGAV,HIF1A,FOXO1
GOTERM_MF_DIRECT;protein kinase binding;8;143;564;24402;4.72E-02;6.66E-01;2.42;1.00E+00;6.58E-01;1.83E-02;CACNB2,IBTK,PLK2,CTNNB1,IRS2,HIF1A,RND3,SKAP1
GOTERM_BP_DIRECT;skin epidermis development;2;144;9;26481;4.76E-02;5.07E-01;40.87;1.00E+00;4.95E-01;1.03E-03;TRP63,DLL1
GOTERM_BP_DIRECT;positive regulation of cell proliferation in bone marrow;2;144;9;26481;4.76E-02;5.07E-01;40.87;1.00E+00;4.95E-01;1.03E-03;HMGA2,FGFR3
GOTERM_BP_DIRECT;adenohypophysis development;2;144;9;26481;4.76E-02;5.07E-01;40.87;1.00E+00;4.95E-01;1.03E-03;SOX2,HES1
GOTERM_BP_DIRECT;regulation of apoptotic signaling pathway;2;144;9;26481;4.76E-02;5.07E-01;40.87;1.00E+00;4.95E-01;1.03E-03;PMP22,TRP63
GOTERM_CC_DIRECT;apical plasma membrane;7;144;487;26676;4.77E-02;3.82E-01;2.66;1.00E+00;3.62E-01;1.68E-02;JAG1,SLC39A10,CTNNB1,DSG2,KCNN4,DLL1,AJAP1
UP_KW_DOMAIN;Repeat;46;114;4833;15097;4.78E-02;3.00E-01;1.26;5.43E-01;2.81E-01;3.66E-02;PTPRU,ITGB5,NCF2,HPCA,FHL2,LDLRAD3,AQP4,MSI2,DLL1,HIF1A,FBLN2,WFDC2,PCBP3,PPP1R13L,NRIP1,BOC,ITGAV,PHLDA1,JAG2,ABCA1,MBNL1,JAG1,PRKCH,KLF13,HACE1,PLK2,TPBG,TTC7B,HMGA2,KAZN,MERTK,KLF15,MPP7,TIAM1,IBTK,LIN28A,PDE10A,LHX1,PLXNB2,CTNNB1,CNTN2,DSG2,FGFR3,PDZRN3,MYL9,DSCAML1
GOTERM_MF_DIRECT;transcription cis-regulatory region binding;6;143;339;24402;4.85E-02;6.66E-01;3.02;1.00E+00;6.58E-01;1.50E-02;SOX2,HMGA2,ARID5B,TRP63,KLF15,SOX5
INTERPRO;FN3_sf;5;146;211;22338;4.89E-02;1.00E+00;3.63;1.00E+00;1.00E+00;1.27E-02;PTPRU,BOC,CNTN2,MERTK,DSCAML1
INTERPRO;EGF-like_Ca-bd_dom;4;146;126;22338;4.90E-02;1.00E+00;4.86;1.00E+00;1.00E+00;9.48E-03;JAG2,JAG1,FBLN2,DLL1
GOTERM_MF_DIRECT;transcription coactivator binding;3;143;61;24402;4.92E-02;6.66E-01;8.39;1.00E+00;6.58E-01;5.53E-03;RORA,HIF1A,FOXO1
INTERPRO;SH3-like_dom_sf;5;146;213;22338;5.03E-02;1.00E+00;3.59;1.00E+00;1.00E+00;1.31E-02;CACNB2,NCF2,PPP1R13L,SKAP1,MPP7
UP_KW_MOLECULAR_FUNCTION;DNA-binding;23;102;1959;12834;5.03E-02;5.34E-01;1.48;9.12E-01;5.34E-01;3.23E-02;TEAD4,KLF13,IRX3,HMGA2,ARID5B,TRP63,RORA,NR2F2,TBX6,FOXP4,KLF15,HIF1A,FOXO1,SOX2,MEIS1,PCBP3,LHX1,DMRTA1,ALX3,NKX1-1,HES1,HOXB1,SOX5
GOTERM_BP_DIRECT;negative regulation of mitotic nuclear division;2;144;10;26481;5.27E-02;5.36E-01;36.78;1.00E+00;5.23E-01;1.28E-03;BMP7,FGFR3
GOTERM_BP_DIRECT;negative regulation of low-density lipoprotein particle clearance;2;144;10;26481;5.27E-02;5.36E-01;36.78;1.00E+00;5.23E-01;1.28E-03;MYLIP,ITGAV
GOTERM_BP_DIRECT;connective tissue replacement involved in inflammatory response wound healing;2;144;10;26481;5.27E-02;5.36E-01;36.78;1.00E+00;5.23E-01;1.28E-03;FILIP1L,HIF1A
GOTERM_BP_DIRECT;multicellular organismal-level homeostasis;2;144;10;26481;5.27E-02;5.36E-01;36.78;1.00E+00;5.23E-01;1.28E-03;PPP1R13L,DLL1
GOTERM_BP_DIRECT;negative regulation of thymocyte apoptotic process;2;144;10;26481;5.27E-02;5.36E-01;36.78;1.00E+00;5.23E-01;1.28E-03;EFNA1,HIF1A
GOTERM_BP_DIRECT;detection of mechanical stimulus involved in sensory perception;2;144;10;26481;5.27E-02;5.36E-01;36.78;1.00E+00;5.23E-01;1.28E-03;PIEZO2,ASIC2
GOTERM_BP_DIRECT;negative regulation of glial cell apoptotic process;2;144;10;26481;5.27E-02;5.36E-01;36.78;1.00E+00;5.23E-01;1.28E-03;PRKCH,DLL1
GOTERM_MF_DIRECT;transcription coregulator activity;4;143;147;24402;5.43E-02;7.08E-01;4.64;1.00E+00;7.01E-01;1.10E-02;SUPT20,NRIP1,HMGA2,PPRC1
GOTERM_CC_DIRECT;bicellular tight junction;4;144;159;26676;5.44E-02;4.21E-01;4.66;1.00E+00;3.99E-01;1.10E-02;PMP22,CTNNB1,FRMD4B,MPP7
UP_SEQ_FEATURE;CROSSLNK:Glycyl lysine isopeptide (Lys-Gly) (interchain with G-Cter in ubiquitin);6;143;322;22331;5.51E-02;1.00E+00;2.91;1.00E+00;9.94E-01;1.77E-02;TIAM1,PTCH1,TRP63,IRS2,HIF1A,DLL1
KEGG_PATHWAY;Rap1 signaling pathway;5;76;214;11151;5.59E-02;4.96E-01;3.43;1.00E+00;4.73E-01;1.53E-02;EFNA1,TIAM1,CTNNB1,FGFR3,SKAP1
INTERPRO;SH3_domain;5;146;221;22338;5.62E-02;1.00E+00;3.46;1.00E+00;1.00E+00;1.52E-02;CACNB2,NCF2,PPP1R13L,SKAP1,MPP7
INTERPRO;Ig_I-set;4;146;133;22338;5.63E-02;1.00E+00;4.6;1.00E+00;1.00E+00;1.14E-02;BOC,CNTN2,FGFR3,DSCAML1
INTERPRO;Growth_fac_rcpt_cys_sf;4;146;133;22338;5.63E-02;1.00E+00;4.6;1.00E+00;1.00E+00;1.14E-02;JAG2,JAG1,FBLN2,DLL1
INTERPRO;Snake_toxin-like_sf;3;146;59;22338;5.63E-02;1.00E+00;7.78;1.00E+00;1.00E+00;6.81E-03;BMPR1B,LYPD6,LY6G6E
GOTERM_MF_DIRECT;cyclic-nucleotide phosphodiesterase activity;2;143;10;24402;5.67E-02;7.14E-01;34.13;1.00E+00;7.06E-01;1.49E-03;PDE10A,MPPED1
UP_KW_MOLECULAR_FUNCTION;Integrin;3;102;49;12834;5.68E-02;5.34E-01;7.7;9.36E-01;5.34E-01;6.89E-03;ITGB5,ADAM10,ITGAV
GOTERM_CC_DIRECT;extrinsic component of postsynaptic density membrane;2;144;11;26676;5.74E-02;4.30E-01;33.68;1.00E+00;4.08E-01;1.54E-03;TIAM1,PDE10A
GOTERM_BP_DIRECT;lung-associated mesenchyme development;2;144;11;26481;5.78E-02;5.59E-01;33.44;1.00E+00;5.46E-01;1.56E-03;WNT11,CTNNB1
GOTERM_BP_DIRECT;embryonic foregut morphogenesis;2;144;11;26481;5.78E-02;5.59E-01;33.44;1.00E+00;5.46E-01;1.56E-03;CTNNB1,FOXP4
GOTERM_BP_DIRECT;response to alkaloid;2;144;11;26481;5.78E-02;5.59E-01;33.44;1.00E+00;5.46E-01;1.56E-03;PTCH1,HES1
GOTERM_BP_DIRECT;tube morphogenesis;2;144;11;26481;5.78E-02;5.59E-01;33.44;1.00E+00;5.46E-01;1.56E-03;JAG1,BMP7
GOTERM_BP_DIRECT;fat pad development;2;144;11;26481;5.78E-02;5.59E-01;33.44;1.00E+00;5.46E-01;1.56E-03;HMGA2,ARID5B
GOTERM_BP_DIRECT;mesenchymal to epithelial transition;2;144;11;26481;5.78E-02;5.59E-01;33.44;1.00E+00;5.46E-01;1.56E-03;CTNNB1,DSG2
GOTERM_BP_DIRECT;desensitization of G protein-coupled receptor signaling pathway;2;144;11;26481;5.78E-02;5.59E-01;33.44;1.00E+00;5.46E-01;1.56E-03;ARRB1,LY6G6E
GOTERM_BP_DIRECT;response to mechanical stimulus;3;144;72;26481;5.79E-02;5.59E-01;7.66;1.00E+00;5.46E-01;7.14E-03;PTCH1,PIEZO2,ASIC2
KEGG_PATHWAY;Hedgehog signaling pathway;3;76;58;11151;5.79E-02;4.96E-01;7.59;1.00E+00;4.73E-01;7.18E-03;PTCH1,BOC,ARRB1
UP_SEQ_FEATURE;DOMAIN:Fibronectin type-III 4;3;143;62;22331;5.93E-02;1.00E+00;7.56;1.00E+00;9.94E-01;7.38E-03;PTPRU,CNTN2,DSCAML1
GOTERM_BP_DIRECT;negative regulation of cell migration;4;144;165;26481;6.02E-02;5.76E-01;4.46;1.00E+00;5.62E-01;1.27E-02;PTPRU,JAG1,TPM1,CYP1B1
GOTERM_BP_DIRECT;regulation of alternative mRNA splicing, via spliceosome;3;144;74;26481;6.08E-02;5.76E-01;7.46;1.00E+00;5.62E-01;7.70E-03;MBNL1,RBPMS,THUMPD2
UP_SEQ_FEATURE;DOMAIN:EGF-like 15;;;;;;;;;;;
UP_SEQ_FEATURE;DOMAIN:EGF-like 16;;;;;;;;;;;
UP_SEQ_FEATURE;TOPO_DOM:Lumenal;9;143;664;22331;6.20E-02;1.00E+00;2.12;1.00E+00;9.94E-01;2.73E-02;CHST9,LMAN1,GALNT2,GALNT1,TMEM94,B3GNT2,ASPHD2,STT3B,WLS
GOTERM_BP_DIRECT;negative regulation of cell adhesion mediated by integrin;2;144;12;26481;6.29E-02;5.76E-01;30.65;1.00E+00;5.62E-01;1.87E-03;EFNA1,CYP1B1
GOTERM_BP_DIRECT;vagina development;2;144;12;26481;6.29E-02;5.76E-01;30.65;1.00E+00;5.62E-01;1.87E-03;LHX1,MERTK
GOTERM_BP_DIRECT;nephron development;2;144;12;26481;6.29E-02;5.76E-01;30.65;1.00E+00;5.62E-01;1.87E-03;JAG1,DLL1
GOTERM_BP_DIRECT;lung epithelium development;2;144;12;26481;6.29E-02;5.76E-01;30.65;1.00E+00;5.62E-01;1.87E-03;HMGA2,FOXP4
GOTERM_BP_DIRECT;podocyte differentiation;2;144;12;26481;6.29E-02;5.76E-01;30.65;1.00E+00;5.62E-01;1.87E-03;EDNRB,KLF15
GOTERM_BP_DIRECT;response to sodium phosphate;2;144;12;26481;6.29E-02;5.76E-01;30.65;1.00E+00;5.62E-01;1.87E-03;EDNRB,FGFR3
GOTERM_BP_DIRECT;positive regulation of heterotypic cell-cell adhesion;2;144;12;26481;6.29E-02;5.76E-01;30.65;1.00E+00;5.62E-01;1.87E-03;BMP7,SKAP1
INTERPRO;Activin_recp;2;146;10;22338;6.31E-02;1.00E+00;30.6;1.00E+00;1.00E+00;1.84E-03;BMPR1B,LY6G6E
GOTERM_CC_DIRECT;glutamatergic synapse;10;144;930;26676;6.32E-02;4.52E-01;1.99;1.00E+00;4.29E-01;2.96E-02;TIAM1,LMAN1,PDE10A,ITGB5,DPYSL5,HPCA,CTNNB1,ADAM10,GRIK1,ARRB1
GOTERM_CC_DIRECT;Golgi cisterna membrane;3;144;77;26676;6.43E-02;4.52E-01;7.22;1.00E+00;4.29E-01;8.42E-03;HACE1,GALNT2,GALNT1
UP_SEQ_FEATURE;DOMAIN:Ig-like C2-type 4;3;143;65;22331;6.44E-02;1.00E+00;7.21;1.00E+00;9.94E-01;8.41E-03;BOC,CNTN2,DSCAML1
GOTERM_MF_DIRECT;zinc ion binding;19;143;2115;24402;6.58E-02;8.01E-01;1.53;1.00E+00;7.92E-01;4.04E-02;PLEKHF2,MYLIP,MBNL1,PRKCH,KLF13,ZFAND3,PTCH1,ZFP503,FHL2,ZFP608,RORA,NR2F2,FOXP4,KLF15,IRF2BPL,RNF157,LIN28A,LHX1,PDZRN3
KEGG_PATHWAY;Basal cell carcinoma;3;76;63;11151;6.70E-02;5.43E-01;6.99;1.00E+00;5.19E-01;9.01E-03;WNT11,PTCH1,CTNNB1
GOTERM_CC_DIRECT;beta-catenin-TCF complex;2;144;13;26676;6.75E-02;4.55E-01;28.5;1.00E+00;4.32E-01;2.17E-03;CTNNB1,BCL9L
GOTERM_BP_DIRECT;cardiac right ventricle morphogenesis;2;144;13;26481;6.80E-02;6.08E-01;28.29;1.00E+00;5.94E-01;2.20E-03;JAG1,PPP1R13L
GOTERM_BP_DIRECT;positive regulation of epithelial cell differentiation;2;144;13;26481;6.80E-02;6.08E-01;28.29;1.00E+00;5.94E-01;2.20E-03;SOX2,CTNNB1
GOTERM_BP_DIRECT;morphogenesis of embryonic epithelium;2;144;13;26481;6.80E-02;6.08E-01;28.29;1.00E+00;5.94E-01;2.20E-03;JAG2,CTNNB1
GOTERM_BP_DIRECT;regulation of epithelial to mesenchymal transition;2;144;13;26481;6.80E-02;6.08E-01;28.29;1.00E+00;5.94E-01;2.20E-03;TIAM1,CTNNB1
GOTERM_CC_DIRECT;dendrite;8;144;668;26676;6.87E-02;4.55E-01;2.22;1.00E+00;4.32E-01;2.88E-02;DPYSL5,PLK2,TPBG,TRP63,ADAM10,GRIK1,BMPR1B,LYPD6
INTERPRO;Homeodomain-like_sf;6;146;337;22338;6.90E-02;1.00E+00;2.72;1.00E+00;1.00E+00;2.36E-02;MEIS1,LHX1,IRX3,ALX3,NKX1-1,HOXB1
INTERPRO;Notch_Cell-Fate_Det;2;146;11;22338;6.91E-02;1.00E+00;27.82;1.00E+00;1.00E+00;2.24E-03;JAG1,DLL1
GOTERM_BP_DIRECT;anatomical structure morphogenesis;3;144;80;26481;6.97E-02;6.19E-01;6.9;1.00E+00;6.05E-01;9.53E-03;LHX1,TBX6,HOXB1
UP_SEQ_FEATURE;DOMAIN:EGF-like 3;3;143;68;22331;6.97E-02;1.00E+00;6.89;1.00E+00;9.94E-01;9.51E-03;JAG2,JAG1,DLL1
UP_SEQ_FEATURE;DOMAIN:DH;3;143;68;22331;6.97E-02;1.00E+00;6.89;1.00E+00;9.94E-01;9.51E-03;TIAM1,PLEKHG1,ARHGEF10L
GOTERM_MF_DIRECT;nucleic acid binding;8;143;621;24402;7.13E-02;8.31E-01;2.2;1.00E+00;8.22E-01;3.02E-02;LIN28A,PCBP3,RBPMS,CTNNB1,HMGA2,MSI2,PPRC1,FOXO1
UP_KW_DOMAIN;Zinc-finger;17;114;1445;15097;7.20E-02;3.00E-01;1.56;6.97E-01;2.81E-01;4.34E-02;PLEKHF2,MYLIP,MBNL1,PRKCH,KLF13,ZFAND3,ZFP503,FHL2,ZFP608,RORA,NR2F2,FOXP4,KLF15,IRF2BPL,RNF157,LIN28A,PDZRN3
INTERPRO;DH_dom;3;146;68;22338;7.22E-02;1.00E+00;6.75;1.00E+00;1.00E+00;1.01E-02;TIAM1,PLEKHG1,ARHGEF10L
INTERPRO;DBL_dom_sf;3;146;68;22338;7.22E-02;1.00E+00;6.75;1.00E+00;1.00E+00;1.01E-02;TIAM1,PLEKHG1,ARHGEF10L
UP_KW_CELLULAR_COMPONENT;Cytoplasm;49;136;5659;19217;7.29E-02;6.07E-01;1.22;8.49E-01;6.07E-01;5.72E-02;CERK,NCF2,CITED4,FHL2,TRP63,IRS2,ARHGEF10L,ARRB1,MSI2,FRY,SOX2,RNF157,PPP1R13L,DPYSL5,PHLDA1,EDARADD,MYLIP,MBNL1,PRKCH,TPM1,TTC7B,ADAM10,KAZN,FRMD4B,ARL4C,ARL4A,PADI3,DSG2,KIFC3,PDZRN3,MYL9,SKAP1,HPCA,HIF1A,LYPD6,FOXO1,PCBP3,GNA12,FILIP1L,HACE1,RBPMS,PLK2,DEF6,MPP7,IBTK,PDE10A,LIN28A,CTNNB1,ENGASE
GOTERM_MF_DIRECT;ubiquitin protein ligase activity;6;143;382;24402;7.29E-02;8.31E-01;2.68;1.00E+00;8.22E-01;2.53E-02;RNF157,MYLIP,HACE1,PELI2,PDZRN3,IRF2BPL
UP_KW_BIOLOGICAL_PROCESS;Differentiation;11;89;807;11926;7.29E-02;5.59E-01;1.83;9.69E-01;5.47E-01;3.73E-02;EDARADD,PTPRU,SBNO2,PRKCH,PKDCC,LHX1,ITGAV,BMP7,DLL1,FOXO1,SOX5
GOTERM_BP_DIRECT;negative regulation of oxidative stress-induced neuron intrinsic apoptotic signaling pathway;2;144;14;26481;7.30E-02;6.24E-01;26.27;1.00E+00;6.09E-01;2.56E-03;CTNNB1,HIF1A
GOTERM_BP_DIRECT;mesonephros development;2;144;14;26481;7.30E-02;6.24E-01;26.27;1.00E+00;6.09E-01;2.56E-03;LHX1,BMP7
GOTERM_BP_DIRECT;lipid translocation;2;144;14;26481;7.30E-02;6.24E-01;26.27;1.00E+00;6.09E-01;2.56E-03;ABCA1,PTCH1
GOTERM_BP_DIRECT;negative regulation of vascular associated smooth muscle cell migration;2;144;14;26481;7.30E-02;6.24E-01;26.27;1.00E+00;6.09E-01;2.56E-03;GNA12,TPM1
GOTERM_BP_DIRECT;cellular response to endothelin;2;144;14;26481;7.30E-02;6.24E-01;26.27;1.00E+00;6.09E-01;2.56E-03;IRS2,KLF15
GOTERM_BP_DIRECT;mesenchymal cell differentiation;2;144;14;26481;7.30E-02;6.24E-01;26.27;1.00E+00;6.09E-01;2.56E-03;HMGA2,BMP7
GOTERM_BP_DIRECT;regulation of smooth muscle cell proliferation;2;144;14;26481;7.30E-02;6.24E-01;26.27;1.00E+00;6.09E-01;2.56E-03;CTNNB1,KCNN4
GOTERM_BP_DIRECT;gene expression;7;144;541;26481;7.36E-02;6.26E-01;2.38;1.00E+00;6.11E-01;2.88E-02;SOX2,LMAN1,EDNRB,CTNNB1,FANCE,FILIP1L,FOXO1
GOTERM_BP_DIRECT;roof of mouth development;3;144;83;26481;7.42E-02;6.27E-01;6.65;1.00E+00;6.13E-01;1.05E-02;PKDCC,WNT11,ARID5B
SMART;HOX;6;95;262;10959;7.45E-02;1.00E+00;2.64;1.00E+00;1.00E+00;2.62E-02;MEIS1,LHX1,IRX3,ALX3,NKX1-1,HOXB1
UP_KW_DOMAIN;SH3 domain;5;114;212;15097;7.49E-02;3.00E-01;3.12;7.12E-01;2.81E-01;2.23E-02;CACNB2,NCF2,PPP1R13L,SKAP1,MPP7
INTERPRO;BAH_sf;2;146;12;22338;7.52E-02;1.00E+00;25.5;1.00E+00;1.00E+00;2.68E-03;ARID5B,BAHCC1
GOTERM_BP_DIRECT;protein ubiquitination;7;144;545;26481;7.57E-02;6.29E-01;2.36;1.00E+00;6.14E-01;2.98E-02;RNF157,MYLIP,HACE1,PELI2,ARRB1,PDZRN3,IRF2BPL
GOTERM_BP_DIRECT;response to glucose;3;144;84;26481;7.58E-02;6.29E-01;6.57;1.00E+00;6.14E-01;1.09E-02;NCF2,NNAT,IRS2
GOTERM_BP_DIRECT;epidermis development;3;144;85;26481;7.74E-02;6.29E-01;6.49;1.00E+00;6.14E-01;1.12E-02;PTCH1,TRP63,FGFR3
GOTERM_BP_DIRECT;somite development;2;144;15;26481;7.80E-02;6.29E-01;24.52;1.00E+00;6.14E-01;2.94E-03;WNT11,PTCH1
GOTERM_BP_DIRECT;mesenchyme development;2;144;15;26481;7.80E-02;6.29E-01;24.52;1.00E+00;6.14E-01;2.94E-03;CTNNB1,BMP7
GOTERM_BP_DIRECT;establishment of epithelial cell polarity;2;144;15;26481;7.80E-02;6.29E-01;24.52;1.00E+00;6.14E-01;2.94E-03;HES1,FRMD4B
GOTERM_BP_DIRECT;somite rostral/caudal axis specification;2;144;15;26481;7.80E-02;6.29E-01;24.52;1.00E+00;6.14E-01;2.94E-03;LHX1,TBX6
GOTERM_BP_DIRECT;response to growth factor;2;144;15;26481;7.80E-02;6.29E-01;24.52;1.00E+00;6.14E-01;2.94E-03;SOX2,ITGB5
GOTERM_BP_DIRECT;cardiac muscle hypertrophy;2;144;15;26481;7.80E-02;6.29E-01;24.52;1.00E+00;6.14E-01;2.94E-03;TIAM1,KCNN4
KEGG_PATHWAY;Fluid shear stress and atherosclerosis;4;76;149;11151;7.88E-02;6.07E-01;3.94;1.00E+00;5.79E-01;1.87E-02;NCF2,CTNNB1,ITGAV,BMPR1B
UP_SEQ_FEATURE;DOMAIN:EGF-like 14;2;143;13;22331;7.96E-02;1.00E+00;24.02;1.00E+00;9.94E-01;3.03E-03;JAG2,JAG1
UP_SEQ_FEATURE;DOMAIN:EGF-like 13;2;143;13;22331;7.96E-02;1.00E+00;24.02;1.00E+00;9.94E-01;3.03E-03;JAG2,JAG1
UP_SEQ_FEATURE;DNA_BIND:Homeobox;5;143;255;22331;8.01E-02;1.00E+00;3.06;1.00E+00;9.94E-01;2.43E-02;MEIS1,LHX1,ALX3,NKX1-1,HOXB1
GOTERM_BP_DIRECT;positive regulation of protein catabolic process;3;144;87;26481;8.05E-02;6.39E-01;6.34;1.00E+00;6.24E-01;1.20E-02;MYLIP,PLK2,FOXO1
GOTERM_BP_DIRECT;blood vessel development;3;144;87;26481;8.05E-02;6.39E-01;6.34;1.00E+00;6.24E-01;1.20E-02;ITGAV,HIF1A,FOXO1
GOTERM_CC_DIRECT;endomembrane system;6;144;428;26676;8.09E-02;5.22E-01;2.6;1.00E+00;4.95E-01;2.90E-02;PLEKHF2,LMAN1,HACE1,RND3,FGFR3,WLS
GOTERM_BP_DIRECT;regulation of blood pressure;3;144;88;26481;8.21E-02;6.39E-01;6.27;1.00E+00;6.24E-01;1.23E-02;EDNRB,GNA12,DLL1
GOTERM_BP_DIRECT;cellular response to glucose stimulus;3;144;88;26481;8.21E-02;6.39E-01;6.27;1.00E+00;6.24E-01;1.23E-02;LIN28A,AQP4,IRS2
GOTERM_BP_DIRECT;endoderm formation;2;144;16;26481;8.30E-02;6.39E-01;22.99;1.00E+00;6.24E-01;3.35E-03;LHX1,CTNNB1
GOTERM_BP_DIRECT;prostate gland development;2;144;16;26481;8.30E-02;6.39E-01;22.99;1.00E+00;6.24E-01;3.35E-03;PTCH1,TRP63
GOTERM_BP_DIRECT;wound healing, spreading of epidermal cells;2;144;16;26481;8.30E-02;6.39E-01;22.99;1.00E+00;6.24E-01;3.35E-03;ITGB5,ITGAV
GOTERM_BP_DIRECT;cardiac septum morphogenesis;2;144;16;26481;8.30E-02;6.39E-01;22.99;1.00E+00;6.24E-01;3.35E-03;JAG1,BMP7
GOTERM_BP_DIRECT;negative regulation of oligodendrocyte differentiation;2;144;16;26481;8.30E-02;6.39E-01;22.99;1.00E+00;6.24E-01;3.35E-03;CTNNB1,HES1
GOTERM_MF_DIRECT;transmembrane receptor protein serine/threonine kinase activity;2;143;15;24402;8.38E-02;9.27E-01;22.75;1.00E+00;9.17E-01;3.41E-03;BMPR1B,LY6G6E
UP_SEQ_FEATURE;DOMAIN:Ricin B lectin;2;143;14;22331;8.55E-02;1.00E+00;22.31;1.00E+00;9.94E-01;3.52E-03;GALNT2,GALNT1
GOTERM_CC_DIRECT;cell projection membrane;2;144;17;26676;8.74E-02;5.48E-01;21.79;1.00E+00;5.19E-01;3.73E-03;CTNNB1,AQP4
GOTERM_BP_DIRECT;epithelial cell-cell adhesion;2;144;17;26481;8.80E-02;6.54E-01;21.63;1.00E+00;6.39E-01;3.79E-03;ITGB5,KIFC3
GOTERM_BP_DIRECT;positive regulation of cartilage development;2;144;17;26481;8.80E-02;6.54E-01;21.63;1.00E+00;6.39E-01;3.79E-03;BMPR1B,SOX5
GOTERM_BP_DIRECT;nitric oxide biosynthetic process;2;144;17;26481;8.80E-02;6.54E-01;21.63;1.00E+00;6.39E-01;3.79E-03;CYP1B1,RORA
GOTERM_BP_DIRECT;protein transmembrane transport;2;144;17;26481;8.80E-02;6.54E-01;21.63;1.00E+00;6.39E-01;3.79E-03;ABCA1,EDNRB
GOTERM_BP_DIRECT;regulation of osteoclast differentiation;2;144;17;26481;8.80E-02;6.54E-01;21.63;1.00E+00;6.39E-01;3.79E-03;CTNNB1,FGFR3
GOTERM_BP_DIRECT;epithelial cell development;2;144;17;26481;8.80E-02;6.54E-01;21.63;1.00E+00;6.39E-01;3.79E-03;TRP63,DLL1
GOTERM_BP_DIRECT;negative regulation of astrocyte differentiation;2;144;17;26481;8.80E-02;6.54E-01;21.63;1.00E+00;6.39E-01;3.79E-03;HMGA2,FGFR3
GOTERM_MF_DIRECT;RNA polymerase II transcription regulatory region sequence-specific DNA binding;6;143;405;24402;8.83E-02;9.48E-01;2.53;1.00E+00;9.37E-01;3.24E-02;LHX1,ALX3,RORA,HOXB1,HIF1A,KLF15
UP_SEQ_FEATURE;DOMAIN:EGF-like 12;;;;;;;;;;;
GOTERM_CC_DIRECT;extracellular matrix;6;144;445;26676;9.18E-02;5.61E-01;2.5;1.00E+00;5.32E-01;3.41E-02;LMAN1,WNT11,PLXNB2,ADAM10,BMP7,FBLN2
GOTERM_BP_DIRECT;lipid metabolic process;5;144;316;26481;9.25E-02;6.76E-01;2.91;1.00E+00;6.61E-01;2.95E-02;CERK,PMP22,LIPM,NKX1-1,CYP1B1
GOTERM_BP_DIRECT;trophoblast giant cell differentiation;2;144;18;26481;9.29E-02;6.76E-01;20.43;1.00E+00;6.61E-01;4.24E-03;ITGAV,NR2F2
GOTERM_BP_DIRECT;negative regulation of stem cell differentiation;2;144;18;26481;9.29E-02;6.76E-01;20.43;1.00E+00;6.61E-01;4.24E-03;JAG1,HES1
GOTERM_BP_DIRECT;cerebellar Purkinje cell differentiation;2;144;18;26481;9.29E-02;6.76E-01;20.43;1.00E+00;6.61E-01;4.24E-03;LHX1,RORA
GOTERM_BP_DIRECT;positive regulation of translation;3;144;95;26481;9.35E-02;6.76E-01;5.81;1.00E+00;6.61E-01;1.51E-02;LIN28A,CYP1B1,PLXNB2
GOTERM_BP_DIRECT;camera-type eye development;3;144;95;26481;9.35E-02;6.76E-01;5.81;1.00E+00;6.61E-01;1.51E-02;JAG1,MAB21L1,BMPR1B
SMART;EGF_CA;4;95;126;10959;9.39E-02;1.00E+00;3.66;1.00E+00;1.00E+00;2.38E-02;JAG2,JAG1,FBLN2,DLL1
GOTERM_MF_DIRECT;transcription factor binding;2;143;17;24402;9.45E-02;9.58E-01;20.08;1.00E+00;9.47E-01;4.38E-03;FHL2,FOXO1
GOTERM_MF_DIRECT;DNA-binding transcription repressor activity;2;143;17;24402;9.45E-02;9.58E-01;20.08;1.00E+00;9.47E-01;4.38E-03;HES1,HIF1A
UP_SEQ_FEATURE;DNA_BIND:Homeobox;;;;;;;;;;;
GOTERM_BP_DIRECT;aorta morphogenesis;2;144;19;26481;9.78E-02;6.94E-01;19.36;1.00E+00;6.78E-01;4.73E-03;JAG1,HES1
GOTERM_BP_DIRECT;negative regulation of B cell apoptotic process;2;144;19;26481;9.78E-02;6.94E-01;19.36;1.00E+00;6.78E-01;4.73E-03;SLC39A10,IRS2
GOTERM_BP_DIRECT;keratinocyte proliferation;2;144;19;26481;9.78E-02;6.94E-01;19.36;1.00E+00;6.78E-01;4.73E-03;PTCH1,TRP63
GOTERM_BP_DIRECT;male genitalia development;2;144;19;26481;9.78E-02;6.94E-01;19.36;1.00E+00;6.78E-01;4.73E-03;SOX2,CTNNB1
GOTERM_MF_DIRECT;polypeptide N-acetylgalactosaminyltransferase activity;2;143;18;24402;9.98E-02;9.80E-01;18.96;1.00E+00;9.69E-01;4.91E-03;GALNT2,GALNT1
